{"FP": 0.0, "FPD": 0.00045293927541933954, "ASH": 0.052772145718336105, "bf": 0.0}
{"FP": 0.20981404185295105, "FPD": 0.0, "ASH": 0.036303672939538956, "bf": 0.008967401459813118}
{"FP": 0.21048422157764435, "FPD": 0.0, "ASH": 0.014054251834750175, "bf": 0.00025041779736056924}
{"FP": 0.06866010278463364, "FPD": 0.0, "ASH": 0.05115014314651489, "bf": 0.0}
{"FP": 0.0, "FPD": 0.0, "ASH": 0.07441170513629913, "bf": 0.0}
{"FP": 0.0, "FPD": 0.0, "ASH": 0.07754609733819962, "bf": 0.0}
{"FP": 0.0, "FPD": 0.0, "ASH": 0.048176899552345276, "bf": 0.0}
{"FP": 0.0, "FPD": 0.0, "ASH": 0.09386301040649414, "bf": 4.7990342864068225e-05}
{"FP": 0.06012071669101715, "FPD": 0.0, "ASH": 0.10542760044336319, "bf": 0.001361447968520224}
{"FP": 0.8851516842842102, "FPD": 0.0, "ASH": 0.3582778573036194, "bf": 0.026548229157924652}
{"FP": 0.8804401755332947, "FPD": 0.0, "ASH": 0.6927338242530823, "bf": 0.2427458018064499}
{"FP": 0.9313758015632629, "FPD": 0.0, "ASH": 0.7227928042411804, "bf": 0.7267646789550781}
{"FP": 0.9504679441452026, "FPD": 0.0, "ASH": 0.7993977069854736, "bf": 0.904276967048645}
{"FP": 0.9566051959991455, "FPD": 0.0, "ASH": 0.8401872515678406, "bf": 0.9478265047073364}
{"FP": 0.9651563763618469, "FPD": 0.0, "ASH": 0.8424864411354065, "bf": 0.9490823745727539}
{"FP": 0.9624863862991333, "FPD": 0.0, "ASH": 0.8233311772346497, "bf": 0.9602406024932861}
{"FP": 0.9636560082435608, "FPD": 0.0, "ASH": 0.8428617119789124, "bf": 0.9697123765945435}
{"FP": 0.9630129337310791, "FPD": 0.0, "ASH": 0.8291707634925842, "bf": 0.9601386189460754}
{"FP": 0.9680055975914001, "FPD": 0.0, "ASH": 0.8394706845283508, "bf": 0.9698532223701477}
{"FP": 0.981705367565155, "FPD": 0.0, "ASH": 0.8542400598526001, "bf": 0.9715530872344971}
{"FP": 0.928009033203125, "FPD": 0.0, "ASH": 0.7755993008613586, "bf": 0.9718976616859436}
{"FP": 0.9580820798873901, "FPD": 0.0, "ASH": 0.8623356223106384, "bf": 0.9765828251838684}
{"FP": 0.9588030576705933, "FPD": 0.0, "ASH": 0.7578245997428894, "bf": 0.975714921951294}
{"FP": 0.9735620617866516, "FPD": 0.0, "ASH": 0.8870556950569153, "bf": 0.9789897203445435}
{"FP": 0.9716851115226746, "FPD": 0.0, "ASH": 0.8954049348831177, "bf": 0.9785844087600708}
{"FP": 0.9730374217033386, "FPD": 0.0, "ASH": 0.9118136167526245, "bf": 0.9823046922683716}
{"FP": 0.9775012135505676, "FPD": 0.0, "ASH": 0.8834735751152039, "bf": 0.9822010397911072}
{"FP": 0.9766550064086914, "FPD": 0.0, "ASH": 0.8991721272468567, "bf": 0.9819703698158264}
{"FP": 0.9766601920127869, "FPD": 0.0, "ASH": 0.916041910648346, "bf": 0.9798965454101562}
{"FP": 0.9781321287155151, "FPD": 0.0, "ASH": 0.9144172668457031, "bf": 0.9806179404258728}
{"FP": 0.9760407209396362, "FPD": 0.0, "ASH": 0.9138330817222595, "bf": 0.9824567437171936}
{"FP": 0.986328661441803, "FPD": 0.0, "ASH": 0.9014464616775513, "bf": 0.9806963801383972}
{"FP": 0.9861111044883728, "FPD": 0.0, "ASH": 0.9128349423408508, "bf": 0.9815070033073425}
{"FP": 0.9819777011871338, "FPD": 0.0, "ASH": 0.8776734471321106, "bf": 0.9747610092163086}
{"FP": 0.9825153350830078, "FPD": 0.0, "ASH": 0.9193361401557922, "bf": 0.9835259318351746}
{"FP": 0.9814619421958923, "FPD": 0.0, "ASH": 0.916677713394165, "bf": 0.9835593104362488}
{"FP": 0.9829914569854736, "FPD": 0.0, "ASH": 0.9131904244422913, "bf": 0.9832655787467957}
{"FP": 0.984176516532898, "FPD": 0.0, "ASH": 0.8786262273788452, "bf": 0.9834280014038086}
{"FP": 0.9868859052658081, "FPD": 0.0, "ASH": 0.9074162244796753, "bf": 0.9855391383171082}
{"FP": 0.9863870739936829, "FPD": 0.06043761223554611, "ASH": 0.9264705777168274, "bf": 0.9851858615875244}
{"FP": 0.9826741814613342, "FPD": 0.3497776985168457, "ASH": 0.9262489676475525, "bf": 0.9854270219802856}
{"FP": 0.9856207966804504, "FPD": 0.45523133873939514, "ASH": 0.9024415612220764, "bf": 0.985549807548523}
{"FP": 0.9865895509719849, "FPD": 0.5283470153808594, "ASH": 0.9074146747589111, "bf": 0.9850413203239441}
{"FP": 0.9859551191329956, "FPD": 0.5331481695175171, "ASH": 0.9261635541915894, "bf": 0.9840472340583801}
{"FP": 0.9873108267784119, "FPD": 0.5981082916259766, "ASH": 0.9100134968757629, "bf": 0.9845455884933472}
{"FP": 0.9877265095710754, "FPD": 0.6068479418754578, "ASH": 0.9257264733314514, "bf": 0.9852980375289917}
{"FP": 0.9880037307739258, "FPD": 0.6120383739471436, "ASH": 0.9250980019569397, "bf": 0.9865133762359619}
{"FP": 0.9878954291343689, "FPD": 0.5933299660682678, "ASH": 0.9308058619499207, "bf": 0.9855005741119385}
{"FP": 0.9876075387001038, "FPD": 0.6188108921051025, "ASH": 0.9329321384429932, "bf": 0.9861307144165039}
{"FP": 0.9860358834266663, "FPD": 0.559798538684845, "ASH": 0.9328569769859314, "bf": 0.9873640537261963}
{"FP": 0.9883509874343872, "FPD": 0.6192528009414673, "ASH": 0.9266974329948425, "bf": 0.9866397976875305}
{"FP": 0.9864169359207153, "FPD": 0.6260603666305542, "ASH": 0.9341716766357422, "bf": 0.9864888787269592}
{"FP": 0.9879350662231445, "FPD": 0.5900691747665405, "ASH": 0.9216921925544739, "bf": 0.9854357242584229}
{"FP": 0.9878725409507751, "FPD": 0.5834301114082336, "ASH": 0.920842707157135, "bf": 0.9874440431594849}
{"FP": 0.9850180745124817, "FPD": 0.5333784222602844, "ASH": 0.9231141209602356, "bf": 0.9872922897338867}
{"FP": 0.986588716506958, "FPD": 0.6310322880744934, "ASH": 0.934123694896698, "bf": 0.9878053665161133}
{"FP": 0.9891176223754883, "FPD": 0.6338779330253601, "ASH": 0.8912755250930786, "bf": 0.9863842129707336}
{"FP": 0.9880856275558472, "FPD": 0.6112382411956787, "ASH": 0.9364750385284424, "bf": 0.9867171049118042}
{"FP": 0.9893050789833069, "FPD": 0.6461310982704163, "ASH": 0.9361910223960876, "bf": 0.9875170588493347}
{"FP": 0.9902087450027466, "FPD": 0.6425212621688843, "ASH": 0.9382367730140686, "bf": 0.988200306892395}
{"FP": 0.99006187915802, "FPD": 0.6413649916648865, "ASH": 0.9401071667671204, "bf": 0.9877915978431702}
{"FP": 0.9902858734130859, "FPD": 0.6454561948776245, "ASH": 0.9319783449172974, "bf": 0.9871718287467957}
{"FP": 0.9911636710166931, "FPD": 0.6476248502731323, "ASH": 0.923656165599823, "bf": 0.9881527423858643}
{"FP": 0.9889606833457947, "FPD": 0.6468823552131653, "ASH": 0.925223171710968, "bf": 0.9877232313156128}
{"FP": 0.9902628660202026, "FPD": 0.6306276917457581, "ASH": 0.9375351667404175, "bf": 0.9883802533149719}
{"FP": 0.988824188709259, "FPD": 0.607649564743042, "ASH": 0.9273433685302734, "bf": 0.9884624481201172}
{"FP": 0.98731929063797, "FPD": 0.635801374912262, "ASH": 0.9392185211181641, "bf": 0.9876729249954224}
{"FP": 0.9910197854042053, "FPD": 0.645639181137085, "ASH": 0.9387998580932617, "bf": 0.9887661337852478}
{"FP": 0.989165186882019, "FPD": 0.6130192875862122, "ASH": 0.9279665350914001, "bf": 0.988067626953125}
{"FP": 0.9904078245162964, "FPD": 0.6274498105049133, "ASH": 0.9319702982902527, "bf": 0.9887609481811523}
{"FP": 0.9851229190826416, "FPD": 0.638022780418396, "ASH": 0.9335373640060425, "bf": 0.9888775944709778}
{"FP": 0.9879294633865356, "FPD": 0.5976811051368713, "ASH": 0.9295034408569336, "bf": 0.987834632396698}
{"FP": 0.9877007603645325, "FPD": 0.6434903144836426, "ASH": 0.9324712753295898, "bf": 0.9885176420211792}
{"FP": 0.9889948964118958, "FPD": 0.6388512849807739, "ASH": 0.9380372166633606, "bf": 0.9888642430305481}
{"FP": 0.9886391162872314, "FPD": 0.6634044051170349, "ASH": 0.9345729947090149, "bf": 0.9891998767852783}
{"FP": 0.9908174872398376, "FPD": 0.6513880491256714, "ASH": 0.9344190955162048, "bf": 0.989039421081543}
{"FP": 0.990681529045105, "FPD": 0.6653913259506226, "ASH": 0.9394918084144592, "bf": 0.9898248314857483}
{"FP": 0.9909365773200989, "FPD": 0.6657007336616516, "ASH": 0.925902247428894, "bf": 0.9896615147590637}
{"FP": 0.9866598844528198, "FPD": 0.6543262004852295, "ASH": 0.9369955062866211, "bf": 0.9901136755943298}
{"FP": 0.9894181489944458, "FPD": 0.6065776944160461, "ASH": 0.9451022744178772, "bf": 0.9897659420967102}
{"FP": 0.9924471974372864, "FPD": 0.6660153865814209, "ASH": 0.9464762210845947, "bf": 0.9895121455192566}
{"FP": 0.990580677986145,