{"FP": 0.0, "FPD": 0.00011723329225787893, "ASH": 0.03709178417921066, "bf": 0.0}
{"FP": 0.20878079533576965, "FPD": 0.0, "ASH": 0.015288392081856728, "bf": 0.012153325602412224}
{"FP": 0.21097928285598755, "FPD": 0.0, "ASH": 0.0, "bf": 0.0003041396557819098}
{"FP": 0.06282585859298706, "FPD": 0.0, "ASH": 0.03468979522585869, "bf": 0.0}
{"FP": 0.0, "FPD": 0.0, "ASH": 0.05346018821001053, "bf": 0.0}
{"FP": 0.0, "FPD": 0.0, "ASH": 0.05586811527609825, "bf": 0.0}
{"FP": 0.0, "FPD": 0.0, "ASH": 0.02740238793194294, "bf": 0.0}
{"FP": 0.0, "FPD": 0.0, "ASH": 0.05391339957714081, "bf": 0.0}
{"FP": 0.08032593131065369, "FPD": 0.0, "ASH": 0.06448011100292206, "bf": 0.0007350586238317192}
{"FP": 0.8831989765167236, "FPD": 0.0, "ASH": 0.2550598680973053, "bf": 0.02693280577659607}
{"FP": 0.8806616067886353, "FPD": 0.0, "ASH": 0.44003215432167053, "bf": 0.23552225530147552}
{"FP": 0.9305059909820557, "FPD": 0.0, "ASH": 0.6211000084877014, "bf": 0.7383007407188416}
{"FP": 0.9526623487472534, "FPD": 0.0, "ASH": 0.6526652574539185, "bf": 0.9106939435005188}
{"FP": 0.9554728269577026, "FPD": 0.0, "ASH": 0.7656630277633667, "bf": 0.9479129314422607}
{"FP": 0.9629315137863159, "FPD": 0.0, "ASH": 0.7558963298797607, "bf": 0.9499852657318115}
{"FP": 0.9623298048973083, "FPD": 0.0, "ASH": 0.6170378923416138, "bf": 0.9593297243118286}
{"FP": 0.962476909160614, "FPD": 0.0, "ASH": 0.5461739301681519, "bf": 0.9688773155212402}
{"FP": 0.9639450311660767, "FPD": 0.0, "ASH": 0.556169331073761, "bf": 0.959057092666626}
{"FP": 0.9688080549240112, "FPD": 0.0, "ASH": 0.587498128414154, "bf": 0.9678701162338257}
{"FP": 0.9742082357406616, "FPD": 0.0, "ASH": 0.6500597596168518, "bf": 0.9673055410385132}
{"FP": 0.9298065304756165, "FPD": 0.0, "ASH": 0.6770944595336914, "bf": 0.9696038365364075}
{"FP": 0.9617528915405273, "FPD": 0.0, "ASH": 0.7462618350982666, "bf": 0.973648726940155}
{"FP": 0.9611523747444153, "FPD": 0.0, "ASH": 0.5783673524856567, "bf": 0.9741537570953369}
{"FP": 0.9752203822135925, "FPD": 0.0, "ASH": 0.759926974773407, "bf": 0.9740415811538696}
{"FP": 0.9726525545120239, "FPD": 0.0, "ASH": 0.7466701865196228, "bf": 0.9742498397827148}
{"FP": 0.9744709134101868, "FPD": 0.0, "ASH": 0.7823888063430786, "bf": 0.9787008762359619}
{"FP": 0.9801623225212097, "FPD": 0.0, "ASH": 0.762967586517334, "bf": 0.9775176048278809}
{"FP": 0.9766181111335754, "FPD": 0.0, "ASH": 0.7453975677490234, "bf": 0.9777470231056213}
{"FP": 0.9749646186828613, "FPD": 0.0, "ASH": 0.7809168100357056, "bf": 0.9744803309440613}
{"FP": 0.9777082800865173, "FPD": 0.0, "ASH": 0.7747777104377747, "bf": 0.97547847032547}
{"FP": 0.9776350855827332, "FPD": 0.0, "ASH": 0.7908070683479309, "bf": 0.9761781692504883}
{"FP": 0.9845893383026123, "FPD": 0.0, "ASH": 0.7829478979110718, "bf": 0.9739880561828613}
{"FP": 0.9851746559143066, "FPD": 0.0, "ASH": 0.7646737098693848, "bf": 0.9754357933998108}
{"FP": 0.9795015454292297, "FPD": 0.0, "ASH": 0.756415843963623, "bf": 0.9691663980484009}
{"FP": 0.9821001291275024, "FPD": 0.0, "ASH": 0.7842973470687866, "bf": 0.9774413704872131}
{"FP": 0.9804615378379822, "FPD": 0.0, "ASH": 0.7899037599563599, "bf": 0.9777095913887024}
{"FP": 0.9832262992858887, "FPD": 0.0, "ASH": 0.799376368522644, "bf": 0.9795612692832947}
{"FP": 0.9826995134353638, "FPD": 0.0, "ASH": 0.7378347516059875, "bf": 0.9767024517059326}
{"FP": 0.9838697910308838, "FPD": 0.0, "ASH": 0.7742899060249329, "bf": 0.9786993265151978}
{"FP": 0.9849423170089722, "FPD": 0.10134093463420868, "ASH": 0.8002592325210571, "bf": 0.9785321354866028}
{"FP": 0.9806309938430786, "FPD": 0.5589959621429443, "ASH": 0.804324746131897, "bf": 0.9805055260658264}
{"FP": 0.9826556444168091, "FPD": 0.7234715223312378, "ASH": 0.7483034133911133, "bf": 0.9793559312820435}
{"FP": 0.983371913433075, "FPD": 0.7979387640953064, "ASH": 0.7639417052268982, "bf": 0.9789921045303345}
{"FP": 0.9836744666099548, "FPD": 0.7914896011352539, "ASH": 0.8005925416946411, "bf": 0.9758646488189697}
{"FP": 0.980828583240509, "FPD": 0.7549441456794739, "ASH": 0.713215708732605, "bf": 0.978399395942688}
{"FP": 0.9814898371696472, "FPD": 0.7945120930671692, "ASH": 0.7974451184272766, "bf": 0.9783282279968262}
{"FP": 0.9839290380477905, "FPD": 0.8033533096313477, "ASH": 0.8179613351821899, "bf": 0.9789664149284363}
{"FP": 0.9807271957397461, "FPD": 0.7414096593856812, "ASH": 0.8057126998901367, "bf": 0.978157639503479}
{"FP": 0.9842347502708435, "FPD": 0.8068016767501831, "ASH": 0.8209911584854126, "bf": 0.9786765575408936}
{"FP": 0.9843264818191528, "FPD": 0.8300262689590454, "ASH": 0.7870115041732788, "bf": 0.9796557426452637}
{"FP": 0.9814007878303528, "FPD": 0.7581096291542053, "ASH": 0.7732478380203247, "bf": 0.978017270565033}
{"FP": 0.9806666970252991, "FPD": 0.7878255844116211, "ASH": 0.7929831743240356, "bf": 0.978153645992279}
{"FP": 0.9854559898376465, "FPD": 0.8244912624359131, "ASH": 0.7717174291610718, "bf": 0.9771654009819031}
{"FP": 0.9850318431854248, "FPD": 0.8229448199272156, "ASH": 0.755805253982544, "bf": 0.9797536134719849}
{"FP": 0.9817742109298706, "FPD": 0.7729971408843994, "ASH": 0.7746713161468506, "bf": 0.9791646599769592}
{"FP": 0.9807984232902527, "FPD": 0.8040463328361511, "ASH": 0.7852693200111389, "bf": 0.9800587296485901}
{"FP": 0.9842950701713562, "FPD": 0.8215346336364746, "ASH": 0.7450100183486938, "bf": 0.9802050590515137}
{"FP": 0.9811641573905945, "FPD": 0.7497004866600037, "ASH": 0.8081569671630859, "bf": 0.9790518283843994}
{"FP": 0.9846904873847961, "FPD": 0.8288227319717407, "ASH": 0.7718775272369385, "bf": 0.9789037108421326}
{"FP": 0.9855163097381592, "FPD": 0.8181285858154297, "ASH": 0.7965569496154785, "bf": 0.9792842864990234}
{"FP": 0.9852255582809448, "FPD": 0.8405302166938782, "ASH": 0.7931637763977051, "bf": 0.9792947769165039}
{"FP": 0.9843480587005615, "FPD": 0.8173550367355347, "ASH": 0.7724885940551758, "bf": 0.9771796464920044}
{"FP": 0.9850051999092102, "FPD": 0.8277584314346313, "ASH": 0.750363290309906, "bf": 0.9795066118240356}
{"FP": 0.9850342273712158, "FPD": 0.8354849219322205, "ASH": 0.765002965927124, "bf": 0.9802864193916321}
{"FP": 0.9813349843025208, "FPD": 0.7567883133888245, "ASH": 0.7852967977523804, "bf": 0.9801493883132935}
{"FP": 0.9805826544761658, "FPD": 0.7327855825424194, "ASH": 0.757914125919342, "bf": 0.9804913997650146}
{"FP": 0.9802577495574951, "FPD": 0.7742983102798462, "ASH": 0.7905656695365906, "bf": 0.9787898063659668}
{"FP": 0.9841924905776978, "FPD": 0.7992736101150513, "ASH": 0.7725171446800232, "bf": 0.9788918495178223}
{"FP": 0.9846293330192566, "FPD": 0.8147737979888916, "ASH": 0.771465539932251, "bf": 0.9786096811294556}
{"FP": 0.9841479063034058, "FPD": 0.7918033599853516, "ASH": 0.7717525959014893, "bf": 0.9793741106987}
{"FP": 0.9788376688957214, "FPD": 0.8132919073104858, "ASH": 0.7720850706100464, "bf": 0.9798583984375}
{"FP": 0.9792424440383911, "FPD": 0.7332099676132202, "ASH": 0.7720824480056763, "bf": 0.9791250824928284}
{"FP": 0.9844960570335388, "FPD": 0.8372789621353149, "ASH": 0.7916743159294128, "bf": 0.9792080521583557}
{"FP": 0.982730507850647, "FPD": 0.7821378707885742, "ASH": 0.7927347421646118, "bf": 0.9786098599433899}
{"FP": 0.9839117527008057, "FPD": 0.8307788372039795, "ASH": 0.7618189454078674, "bf": 0.979688823223114}
{"FP": 0.9827244281768799, "FPD": 0.778415322303772, "ASH": 0.788486123085022, "bf": 0.9790636897087097}
{"FP": 0.9819991588592529, "FPD": 0.809066653251648, "ASH": 0.7617878317832947, "bf": 0.9792829751968384}
{"FP": 0.9839648008346558, "FPD": 0.8473555445671082, "ASH": 0.775488018989563, "bf": 0.9797854423522949}
{"FP": 0.982373833656311, "FPD": 0.8381558656692505, "ASH": 0.7827679514884949, "bf": 0.9796661138534546}
{"FP": 0.9847538471221924, "FPD": 0.8237264752388, "ASH": 0.7986036539077759, "bf": 0.978707492351532}
{"FP": 0.9845613837242126, "FPD": 0.8344526886940002, "ASH": 0.7741396427154541, "bf": 0.978629469871521}
{"FP": 0.9835380911827087, "FPD": 0.8191553354263306, "ASH": 0.7974181175231934,