{"FP": 0.0, "FPD": 0.0, "ASH": 0.0, "bf": 0.0}
{"FP": 0.0008776260074228048, "FPD": 0.0, "ASH": 0.0, "bf": 0.0}
{"FP": 0.0, "FPD": 0.0, "ASH": 0.0, "bf": 0.0}
{"FP": 0.0, "FPD": 0.0, "ASH": 0.0, "bf": 0.0}
{"FP": 0.0, "FPD": 0.0, "ASH": 0.0, "bf": 0.0}
{"FP": 0.0, "FPD": 0.0, "ASH": 0.0, "bf": 0.0}
{"FP": 0.0, "FPD": 0.0, "ASH": 0.0, "bf": 0.00014933219063095748}
{"FP": 0.0, "FPD": 0.0, "ASH": 0.09948039799928665, "bf": 0.005734514445066452}
{"FP": 0.8473137617111206, "FPD": 0.0, "ASH": 0.5329546332359314, "bf": 0.06085166707634926}
{"FP": 0.8724121451377869, "FPD": 0.0, "ASH": 0.31240907311439514, "bf": 0.2136838138103485}
{"FP": 0.8838365077972412, "FPD": 0.0, "ASH": 0.19538983702659607, "bf": 0.6355892419815063}
{"FP": 0.9445398449897766, "FPD": 0.0, "ASH": 0.5658801198005676, "bf": 0.8567811846733093}
{"FP": 0.9592220783233643, "FPD": 0.0, "ASH": 0.5704001784324646, "bf": 0.9320192933082581}
{"FP": 0.8995456695556641, "FPD": 0.0, "ASH": 0.5906234979629517, "bf": 0.9424937963485718}
{"FP": 0.946418285369873, "FPD": 0.0, "ASH": 0.7818285822868347, "bf": 0.9509136080741882}
{"FP": 0.9732913374900818, "FPD": 0.0, "ASH": 0.7825900316238403, "bf": 0.9640210270881653}
{"FP": 0.9789018630981445, "FPD": 0.0, "ASH": 0.6969478130340576, "bf": 0.9655947685241699}
{"FP": 0.9816954135894775, "FPD": 0.0, "ASH": 0.847843587398529, "bf": 0.955225944519043}
{"FP": 0.9795987606048584, "FPD": 0.0, "ASH": 0.8515814542770386, "bf": 0.960595428943634}
{"FP": 0.9754544496536255, "FPD": 0.0, "ASH": 0.8131829500198364, "bf": 0.9729068279266357}
{"FP": 0.9755862951278687, "FPD": 0.0, "ASH": 0.8298060894012451, "bf": 0.9761195182800293}
{"FP": 0.9805340766906738, "FPD": 0.0, "ASH": 0.8004254102706909, "bf": 0.9752426147460938}
{"FP": 0.9785456657409668, "FPD": 0.0, "ASH": 0.7828532457351685, "bf": 0.9790153503417969}
{"FP": 0.9790093898773193, "FPD": 0.0, "ASH": 0.8569251894950867, "bf": 0.9780535697937012}
{"FP": 0.9729050993919373, "FPD": 0.0, "ASH": 0.7763515710830688, "bf": 0.9786626100540161}
{"FP": 0.9766491055488586, "FPD": 0.0, "ASH": 0.8201020359992981, "bf": 0.9789458513259888}
{"FP": 0.9725760221481323, "FPD": 0.0, "ASH": 0.8282663226127625, "bf": 0.9797537326812744}
{"FP": 0.9790668487548828, "FPD": 0.3594006299972534, "ASH": 0.8482495546340942, "bf": 0.977588415145874}
{"FP": 0.9821940064430237, "FPD": 0.3794729709625244, "ASH": 0.8625674247741699, "bf": 0.9784101843833923}
{"FP": 0.9736588001251221, "FPD": 0.38077133893966675, "ASH": 0.8572689294815063, "bf": 0.9800383448600769}
{"FP": 0.9829905033111572, "FPD": 0.3882545530796051, "ASH": 0.8314964771270752, "bf": 0.9804861545562744}
{"FP": 0.9808599948883057, "FPD": 0.4199884533882141, "ASH": 0.8650367259979248, "bf": 0.9805434346199036}
{"FP": 0.9798392057418823, "FPD": 0.3536958694458008, "ASH": 0.8214223384857178, "bf": 0.9786618947982788}
{"FP": 0.981558084487915, "FPD": 0.4076617956161499, "ASH": 0.8617938160896301, "bf": 0.9815708994865417}
{"FP": 0.979790449142456, "FPD": 0.4269357919692993, "ASH": 0.8334716558456421, "bf": 0.9812871217727661}
{"FP": 0.9789246916770935, "FPD": 0.4235142469406128, "ASH": 0.8383206129074097, "bf": 0.9789389371871948}
{"FP": 0.9815735816955566, "FPD": 0.37376073002815247, "ASH": 0.8099994659423828, "bf": 0.9806063175201416}
{"FP": 0.9740443229675293, "FPD": 0.32784610986709595, "ASH": 0.8461360931396484, "bf": 0.9805226922035217}
{"FP": 0.980940580368042, "FPD": 0.38115131855010986, "ASH": 0.8458397388458252, "bf": 0.9810575246810913}
{"FP": 0.9817211627960205, "FPD": 0.4148845970630646, "ASH": 0.8350610733032227, "bf": 0.9812614321708679}
{"FP": 0.9807254076004028, "FPD": 0.4127424955368042, "ASH": 0.8313885927200317, "bf": 0.9797052145004272}
{"FP": 0.9813482761383057, "FPD": 0.4007737636566162, "ASH": 0.8478726744651794, "bf": 0.9802253246307373}
{"FP": 0.9816210269927979, "FPD": 0.4119691550731659, "ASH": 0.8103044033050537, "bf": 0.9791240692138672}
{"FP": 0.9823417067527771, "FPD": 0.374105304479599, "ASH": 0.8402316570281982, "bf": 0.9800958037376404}
{"FP": 0.9790835380554199, "FPD": 0.42378437519073486, "ASH": 0.8663156032562256, "bf": 0.978011965751648}
{"FP": 0.9764649271965027, "FPD": 0.42565208673477173, "ASH": 0.8037714958190918, "bf": 0.9797474145889282}
{"FP": 0.9792174696922302, "FPD": 0.39850059151649475, "ASH": 0.8261808753013611, "bf": 0.9804850816726685}
{"FP": 0.982551097869873, "FPD": 0.4301530718803406, "ASH": 0.8532596826553345, "bf": 0.9812530875205994}
{"FP": 0.9797205924987793, "FPD": 0.42680656909942627, "ASH": 0.858991265296936, "bf": 0.9795977473258972}
{"FP": 0.9804137945175171, "FPD": 0.4359336495399475, "ASH": 0.8538667559623718, "bf": 0.9799401760101318}
{"FP": 0.980162501335144, "FPD": 0.39916476607322693, "ASH": 0.8676789999008179, "bf": 0.9786290526390076}
{"FP": 0.9816247224807739, "FPD": 0.4183487594127655, "ASH": 0.8536761999130249, "bf": 0.9802135229110718}
{"FP": 0.9802412986755371, "FPD": 0.4256005883216858, "ASH": 0.8456200361251831, "bf": 0.9801828265190125}
{"FP": 0.9778217673301697, "FPD": 0.43685978651046753, "ASH": 0.8339095115661621, "bf": 0.9796448945999146}
{"FP": 0.9769397974014282, "FPD": 0.4176507592201233, "ASH": 0.8508707284927368, "bf": 0.980232834815979}
{"FP": 0.9798582792282104, "FPD": 0.40686601400375366, "ASH": 0.8157902956008911, "bf": 0.97975754737854}
{"FP": 0.9802849292755127, "FPD": 0.41645729541778564, "ASH": 0.8485780954360962, "bf": 0.9786354303359985}
{"FP": 0.9812559485435486, "FPD": 0.38368505239486694, "ASH": 0.8409239053726196, "bf": 0.9798622131347656}
