{"FP": 0.0, "FPD": 0.0, "ASH": 0.0, "bf": 1.4314577128970996e-05}
{"FP": 0.0372048057615757, "FPD": 0.00013985036639496684, "ASH": 0.0, "bf": 0.0}
{"FP": 0.00014457818178925663, "FPD": 0.0, "ASH": 0.0, "bf": 0.0}
{"FP": 0.0, "FPD": 0.0, "ASH": 0.0, "bf": 0.0}
{"FP": 0.0, "FPD": 0.0, "ASH": 0.0, "bf": 0.0}
{"FP": 0.0, "FPD": 0.0, "ASH": 0.0, "bf": 0.0}
{"FP": 0.0, "FPD": 0.0, "ASH": 1.8512348106014542e-05, "bf": 0.00011743721552193165}
{"FP": 0.00010080607171403244, "FPD": 0.0, "ASH": 0.11706142872571945, "bf": 0.004083047155290842}
{"FP": 0.8356722593307495, "FPD": 0.0, "ASH": 0.481293261051178, "bf": 0.06102743372321129}
{"FP": 0.8467250466346741, "FPD": 0.0, "ASH": 0.27861323952674866, "bf": 0.20149925351142883}
{"FP": 0.829078197479248, "FPD": 0.0, "ASH": 0.22598500549793243, "bf": 0.6241969466209412}
{"FP": 0.9319370985031128, "FPD": 0.0, "ASH": 0.47263669967651367, "bf": 0.8624094724655151}
{"FP": 0.9469506144523621, "FPD": 0.0, "ASH": 0.4846137464046478, "bf": 0.9362719655036926}
{"FP": 0.8483853936195374, "FPD": 0.0, "ASH": 0.5558466911315918, "bf": 0.9414130449295044}
{"FP": 0.9229336977005005, "FPD": 0.0, "ASH": 0.7574078440666199, "bf": 0.9482943415641785}
{"FP": 0.9675260186195374, "FPD": 0.0, "ASH": 0.8172355890274048, "bf": 0.962714433670044}
{"FP": 0.9811016917228699, "FPD": 0.0, "ASH": 0.7420913577079773, "bf": 0.9625945687294006}
{"FP": 0.9843615293502808, "FPD": 0.0, "ASH": 0.8583387136459351, "bf": 0.9636111855506897}
{"FP": 0.980241596698761, "FPD": 0.0, "ASH": 0.8587383031845093, "bf": 0.9720859527587891}
{"FP": 0.9742558598518372, "FPD": 0.0, "ASH": 0.8818375468254089, "bf": 0.9752591252326965}
{"FP": 0.9753527045249939, "FPD": 0.0, "ASH": 0.880669891834259, "bf": 0.9774642586708069}
{"FP": 0.9822854995727539, "FPD": 0.0, "ASH": 0.8551688194274902, "bf": 0.975037157535553}
{"FP": 0.9852257966995239, "FPD": 0.0, "ASH": 0.9003522992134094, "bf": 0.9816891551017761}
{"FP": 0.9860815405845642, "FPD": 0.0, "ASH": 0.8878366351127625, "bf": 0.9794056415557861}
{"FP": 0.976308286190033, "FPD": 0.0, "ASH": 0.8678753972053528, "bf": 0.9804052710533142}
{"FP": 0.9793687462806702, "FPD": 0.0, "ASH": 0.8314512372016907, "bf": 0.9809315800666809}
{"FP": 0.9771444797515869, "FPD": 0.000558903906494379, "ASH": 0.8903511166572571, "bf": 0.9813700914382935}
{"FP": 0.9836458563804626, "FPD": 0.6261956095695496, "ASH": 0.8857284188270569, "bf": 0.9802500605583191}
{"FP": 0.9851071238517761, "FPD": 0.6181961297988892, "ASH": 0.8971387147903442, "bf": 0.9812201261520386}
{"FP": 0.9810908436775208, "FPD": 0.6263842582702637, "ASH": 0.9060412645339966, "bf": 0.983781635761261}
{"FP": 0.9865760803222656, "FPD": 0.6218705773353577, "ASH": 0.8752104043960571, "bf": 0.9825857877731323}
{"FP": 0.9867459535598755, "FPD": 0.6598334908485413, "ASH": 0.9108599424362183, "bf": 0.9832378029823303}
{"FP": 0.981299638748169, "FPD": 0.5790154337882996, "ASH": 0.8730441331863403, "bf": 0.9817185997962952}
{"FP": 0.9856829047203064, "FPD": 0.647413432598114, "ASH": 0.9187098741531372, "bf": 0.9849036335945129}
{"FP": 0.9856058955192566, "FPD": 0.6110618710517883, "ASH": 0.9199721217155457, "bf": 0.9844440817832947}
{"FP": 0.9863766431808472, "FPD": 0.6738927960395813, "ASH": 0.899756133556366, "bf": 0.9836248755455017}
{"FP": 0.9859135746955872, "FPD": 0.6137303113937378, "ASH": 0.90846186876297, "bf": 0.9854700565338135}
{"FP": 0.973522961139679, "FPD": 0.5387600064277649, "ASH": 0.9219805598258972, "bf": 0.9846413731575012}
{"FP": 0.9870214462280273, "FPD": 0.6396729350090027, "ASH": 0.8987271189689636, "bf": 0.9840269088745117}
{"FP": 0.9881482720375061, "FPD": 0.6655962467193604, "ASH": 0.9046295881271362, "bf": 0.9849058985710144}
{"FP": 0.9862520694732666, "FPD": 0.6625067591667175, "ASH": 0.9068428874015808, "bf": 0.9839577078819275}
{"FP": 0.9879212975502014, "FPD": 0.6600031852722168, "ASH": 0.9123446345329285, "bf": 0.9840496778488159}
{"FP": 0.9890820384025574, "FPD": 0.6797011494636536, "ASH": 0.8671194314956665, "bf": 0.9833791851997375}
{"FP": 0.9872890114784241, "FPD": 0.5915488004684448, "ASH": 0.9228641986846924, "bf": 0.9851433634757996}
{"FP": 0.9885224103927612, "FPD": 0.6826632618904114, "ASH": 0.9165862202644348, "bf": 0.9827797412872314}
{"FP": 0.9846717119216919, "FPD": 0.6267922520637512, "ASH": 0.9144810438156128, "bf": 0.985418975353241}
{"FP": 0.9894417524337769, "FPD": 0.6693640947341919, "ASH": 0.9266568422317505, "bf": 0.9856922626495361}
{"FP": 0.9895492196083069, "FPD": 0.6842705607414246, "ASH": 0.9326859712600708, "bf": 0.9870802760124207}
{"FP": 0.9894342422485352, "FPD": 0.6937208771705627, "ASH": 0.9194746017456055, "bf": 0.9852040410041809}
{"FP": 0.9892405271530151, "FPD": 0.6817212104797363, "ASH": 0.9320259094238281, "bf": 0.9858288168907166}
{"FP": 0.9900749921798706, "FPD": 0.6764549612998962, "ASH": 0.9277371168136597, "bf": 0.9836319088935852}
{"FP": 0.990739107131958, "FPD": 0.6882381439208984, "ASH": 0.9299010038375854, "bf": 0.9864417314529419}
{"FP": 0.9896221160888672, "FPD": 0.6774981617927551, "ASH": 0.9311041235923767, "bf": 0.9863627552986145}
{"FP": 0.9871099591255188, "FPD": 0.6449601054191589, "ASH": 0.9311783909797668, "bf": 0.9846461415290833}
{"FP": 0.9859217405319214, "FPD": 0.6016899943351746, "ASH": 0.935096025466919, "bf": 0.9877647757530212}
{"FP": 0.9878090023994446, "FPD": 0.6047738790512085, "ASH": 0.906274139881134, "bf": 0.9868097305297852}
{"FP": 0.9864914417266846, "FPD": 0.6728056073188782, "ASH": 0.9303365349769592, "bf": 0.9854519367218018}
{"FP": 0.9869666695594788, "FPD": 0.6106013655662537, "ASH": 0.9081763029098511, "bf": 0.9882268905639648}
