{"FP": 0.0, "FPD": 0.0, "ASH": 0.0, "bf": 0.0}
{"FP": 0.0, "FPD": 0.0, "ASH": 0.0, "bf": 0.0}
{"FP": 0.0, "FPD": 0.0, "ASH": 0.0, "bf": 0.0}
{"FP": 0.0, "FPD": 0.0, "ASH": 0.0, "bf": 0.0}
{"FP": 0.0, "FPD": 0.0, "ASH": 0.0, "bf": 0.0}
{"FP": 0.0, "FPD": 0.0, "ASH": 0.0, "bf": 0.0}
{"FP": 0.0, "FPD": 0.0, "ASH": 0.0, "bf": 0.0}
{"FP": 0.0, "FPD": 0.0, "ASH": 0.0, "bf": 0.001479188329540193}
{"FP": 0.0018540455494076014, "FPD": 0.0, "ASH": 0.0, "bf": 0.03887755423784256}
{"FP": 0.7373003363609314, "FPD": 0.0, "ASH": 0.053039487451314926, "bf": 0.2523716986179352}
{"FP": 0.8890942335128784, "FPD": 0.0, "ASH": 0.5514416098594666, "bf": 0.608101487159729}
{"FP": 0.9085813760757446, "FPD": 0.0, "ASH": 0.3630616366863251, "bf": 0.8736445307731628}
{"FP": 0.9261541366577148, "FPD": 0.0, "ASH": 0.661522626876831, "bf": 0.9283634424209595}
{"FP": 0.9494012594223022, "FPD": 0.0, "ASH": 0.7087195515632629, "bf": 0.9538009166717529}
{"FP": 0.952921450138092, "FPD": 0.0, "ASH": 0.7413344383239746, "bf": 0.9589163064956665}
{"FP": 0.9562485814094543, "FPD": 0.0, "ASH": 0.6609822511672974, "bf": 0.9608584642410278}
{"FP": 0.9611859321594238, "FPD": 0.0, "ASH": 0.7451177835464478, "bf": 0.9658767580986023}
{"FP": 0.9658037424087524, "FPD": 0.0, "ASH": 0.7437878251075745, "bf": 0.9710798263549805}
{"FP": 0.9772520065307617, "FPD": 0.0, "ASH": 0.8025125861167908, "bf": 0.9666600227355957}
{"FP": 0.9757424592971802, "FPD": 0.0, "ASH": 0.5882613658905029, "bf": 0.9696774482727051}
{"FP": 0.9717331528663635, "FPD": 0.0, "ASH": 0.8058574199676514, "bf": 0.9738759994506836}
{"FP": 0.9737347364425659, "FPD": 0.0, "ASH": 0.7102733850479126, "bf": 0.9750226736068726}
{"FP": 0.9753650426864624, "FPD": 0.0, "ASH": 0.7831957936286926, "bf": 0.975275993347168}
{"FP": 0.9785208702087402, "FPD": 0.0, "ASH": 0.72003173828125, "bf": 0.9745174646377563}
{"FP": 0.9802733659744263, "FPD": 0.0, "ASH": 0.7720297574996948, "bf": 0.974761962890625}
{"FP": 0.9818617105484009, "FPD": 0.0, "ASH": 0.8072720766067505, "bf": 0.9773409366607666}
{"FP": 0.9759310483932495, "FPD": 0.0, "ASH": 0.7856730222702026, "bf": 0.977728545665741}
{"FP": 0.9765005111694336, "FPD": 0.0, "ASH": 0.8050928711891174, "bf": 0.9759541153907776}
{"FP": 0.9718995690345764, "FPD": 0.0, "ASH": 0.7987780570983887, "bf": 0.9777810573577881}
{"FP": 0.9806445837020874, "FPD": 0.0, "ASH": 0.8047009706497192, "bf": 0.9793309569358826}
{"FP": 0.9822590947151184, "FPD": 0.020003531128168106, "ASH": 0.7926689386367798, "bf": 0.9752197265625}
{"FP": 0.9793803691864014, "FPD": 0.43457961082458496, "ASH": 0.7757949233055115, "bf": 0.9766656160354614}
{"FP": 0.9804742336273193, "FPD": 0.8213227391242981, "ASH": 0.7152122855186462, "bf": 0.975905179977417}
{"FP": 0.977626383304596, "FPD": 0.6314676403999329, "ASH": 0.7800544500350952, "bf": 0.9804978370666504}
{"FP": 0.9827903509140015, "FPD": 0.8494038581848145, "ASH": 0.7847093343734741, "bf": 0.9814733266830444}
{"FP": 0.9781896471977234, "FPD": 0.7905614972114563, "ASH": 0.7976851463317871, "bf": 0.9807907938957214}
{"FP": 0.9822457432746887, "FPD": 0.7845602631568909, "ASH": 0.7178009748458862, "bf": 0.9793767929077148}
{"FP": 0.983517050743103, "FPD": 0.8497496247291565, "ASH": 0.783903956413269, "bf": 0.9811726808547974}
{"FP": 0.9818481802940369, "FPD": 0.7590833902359009, "ASH": 0.7873286008834839, "bf": 0.9766921997070312}
{"FP": 0.963735818862915, "FPD": 0.050264548510313034, "ASH": 0.7437435984611511, "bf": 0.9673659801483154}
{"FP": 0.9611327648162842, "FPD": 0.6322823762893677, "ASH": 0.7475696206092834, "bf": 0.9758269786834717}
{"FP": 0.967695951461792, "FPD": 0.7100680470466614, "ASH": 0.6710991859436035, "bf": 0.9611302614212036}
{"FP": 0.959236741065979, "FPD": 0.6304602026939392, "ASH": 0.749601423740387, "bf": 0.9695320129394531}
{"FP": 0.9722008109092712, "FPD": 0.48282891511917114, "ASH": 0.4284851551055908, "bf": 0.9732279181480408}
{"FP": 0.9804902076721191, "FPD": 0.5105235576629639, "ASH": 0.41239678859710693, "bf": 0.9778039455413818}
{"FP": 0.9813830256462097, "FPD": 0.705206036567688, "ASH": 0.7560015916824341, "bf": 0.9809681177139282}
{"FP": 0.9771411418914795, "FPD": 0.7450918555259705, "ASH": 0.7423515319824219, "bf": 0.9796416759490967}
{"FP": 0.9831607937812805, "FPD": 0.7987266778945923, "ASH": 0.7810232043266296, "bf": 0.980360746383667}
