{"FP": 0.0, "FPD": 0.0, "ASH": 0.0, "bf": 0.0}
{"FP": 0.0, "FPD": 0.0, "ASH": 0.0, "bf": 0.0}
{"FP": 0.0, "FPD": 0.0, "ASH": 0.0, "bf": 0.0}
{"FP": 0.0, "FPD": 0.0, "ASH": 0.0, "bf": 0.0}
{"FP": 0.0, "FPD": 0.0, "ASH": 0.0, "bf": 0.0}
{"FP": 0.0, "FPD": 0.0, "ASH": 0.0, "bf": 0.0}
{"FP": 0.0, "FPD": 0.0, "ASH": 0.0, "bf": 0.00017988227773457766}
{"FP": 0.0, "FPD": 0.0, "ASH": 0.0, "bf": 0.002816966734826565}
{"FP": 0.008602533489465714, "FPD": 0.0, "ASH": 0.0429002121090889, "bf": 0.04731954261660576}
{"FP": 0.7035984396934509, "FPD": 0.0, "ASH": 0.2188819944858551, "bf": 0.26297876238822937}
{"FP": 0.8849928975105286, "FPD": 0.0, "ASH": 0.6461286544799805, "bf": 0.5994083881378174}
{"FP": 0.9097977876663208, "FPD": 0.0, "ASH": 0.7090013027191162, "bf": 0.8682337999343872}
{"FP": 0.9248421788215637, "FPD": 0.0, "ASH": 0.7714255452156067, "bf": 0.9278033375740051}
{"FP": 0.9481129050254822, "FPD": 0.0, "ASH": 0.8383285999298096, "bf": 0.9542213082313538}
{"FP": 0.9521849751472473, "FPD": 0.0, "ASH": 0.8241575956344604, "bf": 0.9609470367431641}
{"FP": 0.9560455679893494, "FPD": 0.0, "ASH": 0.8445343971252441, "bf": 0.9619436264038086}
{"FP": 0.9613256454467773, "FPD": 0.0, "ASH": 0.8657414317131042, "bf": 0.9685598015785217}
{"FP": 0.9670988917350769, "FPD": 0.0, "ASH": 0.8403081297874451, "bf": 0.9724202752113342}
{"FP": 0.9759006500244141, "FPD": 0.0, "ASH": 0.8778104782104492, "bf": 0.9692569375038147}
{"FP": 0.9785901308059692, "FPD": 0.0, "ASH": 0.8127172589302063, "bf": 0.9723489880561829}
{"FP": 0.9743116497993469, "FPD": 0.0, "ASH": 0.8693023920059204, "bf": 0.9769673943519592}
{"FP": 0.9743409752845764, "FPD": 0.0, "ASH": 0.8584319949150085, "bf": 0.9763893485069275}
{"FP": 0.9757175445556641, "FPD": 0.0, "ASH": 0.8819888234138489, "bf": 0.9769261479377747}
{"FP": 0.9774743318557739, "FPD": 0.0, "ASH": 0.8595033884048462, "bf": 0.9770740866661072}
{"FP": 0.9798766374588013, "FPD": 0.0, "ASH": 0.873010516166687, "bf": 0.9785183668136597}
{"FP": 0.9830716252326965, "FPD": 0.0, "ASH": 0.905059814453125, "bf": 0.9805853962898254}
{"FP": 0.9757636189460754, "FPD": 0.0, "ASH": 0.901485025882721, "bf": 0.9812000393867493}
{"FP": 0.9747219085693359, "FPD": 0.0, "ASH": 0.9044392704963684, "bf": 0.9792776107788086}
{"FP": 0.9695964455604553, "FPD": 0.0, "ASH": 0.9199926853179932, "bf": 0.9819558262825012}
{"FP": 0.9806368947029114, "FPD": 0.0001399312459398061, "ASH": 0.9148314595222473, "bf": 0.9828781485557556}
{"FP": 0.9835007786750793, "FPD": 0.01858043298125267, "ASH": 0.9181274771690369, "bf": 0.9816716313362122}
{"FP": 0.9780840277671814, "FPD": 0.2845638394355774, "ASH": 0.9074028730392456, "bf": 0.9821582436561584}
{"FP": 0.9865608215332031, "FPD": 0.5795189738273621, "ASH": 0.8520964980125427, "bf": 0.9813148975372314}
{"FP": 0.9780438542366028, "FPD": 0.4496592879295349, "ASH": 0.9232656955718994, "bf": 0.984990656375885}
{"FP": 0.9861734509468079, "FPD": 0.5951911211013794, "ASH": 0.8720603585243225, "bf": 0.9841297268867493}
{"FP": 0.9847844243049622, "FPD": 0.573050856590271, "ASH": 0.913864016532898, "bf": 0.9836256504058838}
{"FP": 0.9876248240470886, "FPD": 0.6025905609130859, "ASH": 0.9042385816574097, "bf": 0.9849501848220825}
{"FP": 0.9861997961997986, "FPD": 0.5942270755767822, "ASH": 0.9227465391159058, "bf": 0.9856300354003906}
{"FP": 0.9821766018867493, "FPD": 0.5132043957710266, "ASH": 0.9109411239624023, "bf": 0.9829290509223938}
{"FP": 0.9600887298583984, "FPD": 0.12891867756843567, "ASH": 0.861358106136322, "bf": 0.9741178154945374}
{"FP": 0.933955729007721, "FPD": 0.37561485171318054, "ASH": 0.8346024751663208, "bf": 0.9757785797119141}
{"FP": 0.9753137230873108, "FPD": 0.5353295207023621, "ASH": 0.7582428455352783, "bf": 0.968995213508606}
{"FP": 0.9665929079055786, "FPD": 0.5289438366889954, "ASH": 0.8763337135314941, "bf": 0.9782786965370178}
{"FP": 0.9765191674232483, "FPD": 0.3611546754837036, "ASH": 0.8206451535224915, "bf": 0.9795045852661133}
{"FP": 0.9813759326934814, "FPD": 0.3575109541416168, "ASH": 0.8418224453926086, "bf": 0.9818003177642822}
{"FP": 0.9818706512451172, "FPD": 0.5085906386375427, "ASH": 0.9048595428466797, "bf": 0.9832780957221985}
{"FP": 0.981415867805481, "FPD": 0.5899937152862549, "ASH": 0.9099104404449463, "bf": 0.9844350814819336}
{"FP": 0.9843953251838684, "FPD": 0.5849363803863525, "ASH": 0.9090652465820312, "bf": 0.9856117963790894}
