{"FP": 0.0, "FPD": 0.0, "ASH": 0.00014348670083563775, "bf": 0.46003320813179016}
{"FP": 0.0, "FPD": 0.0, "ASH": 0.0, "bf": 0.0016971650766208768}
{"FP": 0.0, "FPD": 0.0, "ASH": 0.0, "bf": 0.0}
{"FP": 0.0, "FPD": 0.0, "ASH": 0.0, "bf": 0.0}
{"FP": 0.0037054861895740032, "FPD": 0.0, "ASH": 0.0, "bf": 0.0}
{"FP": 0.012434420175850391, "FPD": 0.0, "ASH": 0.0, "bf": 0.0}
{"FP": 0.010242557153105736, "FPD": 0.0, "ASH": 0.0, "bf": 0.0}
{"FP": 0.07979531586170197, "FPD": 0.0, "ASH": 0.0, "bf": 0.0002701573248486966}
{"FP": 0.1839635819196701, "FPD": 0.0, "ASH": 0.026370882987976074, "bf": 0.00836887490004301}
{"FP": 0.5711100697517395, "FPD": 0.0, "ASH": 0.33872199058532715, "bf": 0.10421247035264969}
{"FP": 0.7210084795951843, "FPD": 0.0, "ASH": 0.47448912262916565, "bf": 0.5996409058570862}
{"FP": 0.8831555247306824, "FPD": 0.0, "ASH": 0.7764302492141724, "bf": 0.8772616386413574}
{"FP": 0.9380882382392883, "FPD": 0.0, "ASH": 0.771939754486084, "bf": 0.9441974759101868}
{"FP": 0.9455601572990417, "FPD": 0.1659819483757019, "ASH": 0.822069525718689, "bf": 0.9541643857955933}
{"FP": 0.9544443488121033, "FPD": 0.44911453127861023, "ASH": 0.8187119364738464, "bf": 0.9580094218254089}
{"FP": 0.9569517970085144, "FPD": 0.5527666211128235, "ASH": 0.8210219740867615, "bf": 0.9688013195991516}
{"FP": 0.958246648311615, "FPD": 0.5403681397438049, "ASH": 0.8437161445617676, "bf": 0.9702337384223938}
{"FP": 0.9677858352661133, "FPD": 0.5828002095222473, "ASH": 0.873496413230896, "bf": 0.9719681143760681}
{"FP": 0.9728677868843079, "FPD": 0.5746940970420837, "ASH": 0.8379074335098267, "bf": 0.9733514785766602}
{"FP": 0.9784495234489441, "FPD": 0.5739080309867859, "ASH": 0.8752496242523193, "bf": 0.9733836054801941}
{"FP": 0.9677357077598572, "FPD": 0.4614112675189972, "ASH": 0.8758781552314758, "bf": 0.971785843372345}
{"FP": 0.9754138588905334, "FPD": 0.5511404275894165, "ASH": 0.8722580075263977, "bf": 0.9755337238311768}
{"FP": 0.9799292683601379, "FPD": 0.5601491928100586, "ASH": 0.84931880235672, "bf": 0.9706764221191406}
{"FP": 0.971165120601654, "FPD": 0.37527233362197876, "ASH": 0.8274044394493103, "bf": 0.9774888157844543}
{"FP": 0.9330641627311707, "FPD": 0.5560079216957092, "ASH": 0.6602855324745178, "bf": 0.6523914933204651}
{"FP": 0.9726044535636902, "FPD": 0.5117408037185669, "ASH": 0.7739599943161011, "bf": 0.9427488446235657}
{"FP": 0.9768770933151245, "FPD": 0.5897817015647888, "ASH": 0.8555376529693604, "bf": 0.9732205271720886}
{"FP": 0.9750811457633972, "FPD": 0.6000112891197205, "ASH": 0.8830627799034119, "bf": 0.9753906726837158}
{"FP": 0.9812965393066406, "FPD": 0.6014346480369568, "ASH": 0.8382625579833984, "bf": 0.9756081700325012}
{"FP": 0.9802523851394653, "FPD": 0.6073230504989624, "ASH": 0.8905094265937805, "bf": 0.9809654951095581}
{"FP": 0.9790833592414856, "FPD": 0.6124310493469238, "ASH": 0.9003050327301025, "bf": 0.9813777208328247}
{"FP": 0.9845349192619324, "FPD": 0.6078192591667175, "ASH": 0.9112513065338135, "bf": 0.9820947647094727}
{"FP": 0.9865553975105286, "FPD": 0.6112610697746277, "ASH": 0.8977020978927612, "bf": 0.9828594326972961}
{"FP": 0.9862821698188782, "FPD": 0.6206426024436951, "ASH": 0.9171696901321411, "bf": 0.9832252860069275}
{"FP": 0.9873095750808716, "FPD": 0.6066121459007263, "ASH": 0.9074755907058716, "bf": 0.9830969572067261}
{"FP": 0.9868708848953247, "FPD": 0.630860447883606, "ASH": 0.9128883481025696, "bf": 0.9838314056396484}
{"FP": 0.9857719540596008, "FPD": 0.55564945936203, "ASH": 0.8937070965766907, "bf": 0.9820774793624878}
{"FP": 0.9865524768829346, "FPD": 0.6362748742103577, "ASH": 0.8913910984992981, "bf": 0.9837992191314697}
{"FP": 0.9868425726890564, "FPD": 0.6148927807807922, "ASH": 0.9089233875274658, "bf": 0.9834612607955933}
{"FP": 0.9870436191558838, "FPD": 0.6202268004417419, "ASH": 0.887487530708313, "bf": 0.9822786450386047}
{"FP": 0.986842155456543, "FPD": 0.6042829155921936, "ASH": 0.917079746723175, "bf": 0.9838559031486511}
{"FP": 0.9860165119171143, "FPD": 0.5977993607521057, "ASH": 0.9212744235992432, "bf": 0.9841349124908447}
{"FP": 0.9874937534332275, "FPD": 0.6196718811988831, "ASH": 0.9069975018501282, "bf": 0.9844934940338135}
{"FP": 0.9889651536941528, "FPD": 0.5463362336158752, "ASH": 0.9170247316360474, "bf": 0.984207272529602}
{"FP": 0.9897163510322571, "FPD": 0.6359513401985168, "ASH": 0.9260225296020508, "bf": 0.9849920272827148}
{"FP": 0.9884211421012878, "FPD": 0.530267059803009, "ASH": 0.9212842583656311, "bf": 0.9849150776863098}
{"FP": 0.9893773198127747, "FPD": 0.626602053642273, "ASH": 0.9246909022331238, "bf": 0.9849008917808533}
{"FP": 0.9879545569419861, "FPD": 0.6005864143371582, "ASH": 0.93288254737854, "bf": 0.985530436038971}
{"FP": 0.9890181422233582, "FPD": 0.6297470927238464, "ASH": 0.9277958273887634, "bf": 0.9851692318916321}
{"FP": 0.9867509007453918, "FPD": 0.5409618616104126, "ASH": 0.926310658454895, "bf": 0.9854655861854553}
{"FP": 0.9876196980476379, "FPD": 0.6403692960739136, "ASH": 0.9329341053962708, "bf": 0.986242949962616}
{"FP": 0.9892180562019348, "FPD": 0.6270282864570618, "ASH": 0.9101173877716064, "bf": 0.9838929772377014}
{"FP": 0.9898825883865356, "FPD": 0.6363298892974854, "ASH": 0.9211717247962952, "bf": 0.9856143593788147}
{"FP": 0.9884046912193298, "FPD": 0.6171842217445374, "ASH": 0.9210156202316284, "bf": 0.9854538440704346}
{"FP": 0.9865606427192688, "FPD": 0.569974958896637, "ASH": 0.9111121296882629, "bf": 0.9856590628623962}
{"FP": 0.9886394143104553, "FPD": 0.6394721269607544, "ASH": 0.9340360760688782, "bf": 0.9866927266120911}
{"FP": 0.9883996248245239, "FPD": 0.5992965698242188, "ASH": 0.931361198425293, "bf": 0.985464334487915}
{"FP": 0.9901872277259827, "FPD": 0.6286906003952026, "ASH": 0.9314255118370056, "bf": 0.9863460659980774}
{"FP": 0.9890616536140442, "FPD": 0.6221962571144104, "ASH": 0.935012936592102, "bf": 0.9871477484703064}
{"FP": 0.9873736500740051, "FPD": 0.611858606338501, "ASH": 0.9313122630119324, "bf": 0.9857715964317322}
{"FP": 0.9896551966667175, "FPD": 0.6406152844429016, "ASH": 0.9288733005523682, "bf": 0.9871399998664856}
{"FP": 0.9834511876106262, "FPD": 0.639593243598938, "ASH": 0.9269329905509949, "bf": 0.9866952896118164}
{"FP": 0.9893720746040344, "FPD": 0.6304715871810913, "ASH": 0.9382227063179016, "bf": 0.987568736076355}
{"FP": 0.9898302555084229, "FPD": 0.620701014995575, "ASH": 0.9268469214439392, "bf": 0.9878042936325073}
{"FP": 0.9892362952232361, "FPD": 0.6201156973838806, "ASH": 0.919208824634552, "bf": 0.9882223606109619}
{"FP": 0.9866436719894409, "FPD": 0.6388109922409058, "ASH": 0.8869908452033997, "bf": 0.98503178358078}
{"FP": 0.9869625568389893, "FPD": 0.6417431831359863, "ASH": 0.9333717823028564, "bf": 0.9867756962776184}
{"FP": 0.9883402585983276, "FPD": 0.6537580490112305, "ASH": 0.921798050403595, "bf": 0.9871638417243958}
{"FP": 0.9894493818283081, "FPD": 0.6244821548461914, "ASH": 0.9300987720489502, "bf": 0.9875974655151367}
{"FP": 0.991434633731842, "FPD": 0.65069979429245, "ASH": 0.9379215240478516, "bf": 0.9872074127197266}
{"FP": 0.9917973279953003, "FPD": 0.6358940601348877, "ASH": 0.9334141612052917, "bf": 0.9887150526046753}
{"FP": 0.9878098368644714, "FPD": 0.659416139125824, "ASH": 0.9411405920982361, "bf": 0.9888436198234558}
{"FP": 0.9908042550086975, "FPD": 0.6291183829307556, "ASH": 0.942409336566925, "bf": 0.9888836741447449}
{"FP": 0.9908530116081238, "FPD": 0.6589606404304504, "ASH": 0.9309977293014526, "bf": 0.988709032535553}
{"FP": 0.9915536046028137, "FPD": 0.6494536399841309, "ASH": 0.9171198010444641, "bf": 0.9878441691398621}
{"FP": 0.9915814995765686, "FPD": 0.6589582562446594, "ASH": 0.9148333668708801, "bf": 0.9885531663894653}
{"FP": 0.9907798767089844, "FPD": 0.6537898182868958, "ASH": 0.9366236925125122, "bf": 0.9892414808273315}
{"FP": 0.9914106726646423, "FPD": 0.6411839723587036, "ASH": 0.9327126741409302, "bf": 0.9888182878494263}
{"FP": 0.9920298457145691, "FPD": 0.6607049703598022, "ASH": 0.9377946853637695,