{"FP": 0.0, "FPD": 0.0, "ASH": 0.00013937281619291753, "bf": 0.48529088497161865}
{"FP": 0.0, "FPD": 0.0, "ASH": 0.0, "bf": 0.0}
{"FP": 0.0, "FPD": 0.0, "ASH": 0.0, "bf": 0.0}
{"FP": 0.0, "FPD": 0.0, "ASH": 0.0, "bf": 0.0}
{"FP": 0.0006982668419368565, "FPD": 0.0, "ASH": 0.0, "bf": 0.0}
{"FP": 0.004491733852773905, "FPD": 0.0, "ASH": 0.0, "bf": 0.0}
{"FP": 0.005575988441705704, "FPD": 0.0, "ASH": 0.0, "bf": 0.0}
{"FP": 0.06073380261659622, "FPD": 0.0, "ASH": 0.0, "bf": 0.0005056933150626719}
{"FP": 0.15879416465759277, "FPD": 0.0, "ASH": 0.007297257427126169, "bf": 0.006560707464814186}
{"FP": 0.5453019142150879, "FPD": 0.0, "ASH": 0.24010922014713287, "bf": 0.07201381027698517}
{"FP": 0.6990549564361572, "FPD": 0.0, "ASH": 0.34239664673805237, "bf": 0.5159049034118652}
{"FP": 0.879193902015686, "FPD": 0.0, "ASH": 0.689686119556427, "bf": 0.8645414113998413}
{"FP": 0.9347658157348633, "FPD": 0.0, "ASH": 0.7181737422943115, "bf": 0.9431235790252686}
{"FP": 0.9393342733383179, "FPD": 0.13827815651893616, "ASH": 0.7241150736808777, "bf": 0.952317476272583}
{"FP": 0.9486507773399353, "FPD": 0.5203442573547363, "ASH": 0.7697610855102539, "bf": 0.957649290561676}
{"FP": 0.9501359462738037, "FPD": 0.557206928730011, "ASH": 0.6894587278366089, "bf": 0.968197226524353}
{"FP": 0.9502697587013245, "FPD": 0.5457645654678345, "ASH": 0.749484121799469, "bf": 0.9685197472572327}
{"FP": 0.9605916738510132, "FPD": 0.5582660436630249, "ASH": 0.7732340097427368, "bf": 0.9694570899009705}
{"FP": 0.9660723209381104, "FPD": 0.5868525505065918, "ASH": 0.7236660718917847, "bf": 0.9718220829963684}
{"FP": 0.9721469283103943, "FPD": 0.568832278251648, "ASH": 0.7100605368614197, "bf": 0.9722555875778198}
{"FP": 0.9594645500183105, "FPD": 0.5131468772888184, "ASH": 0.7307006120681763, "bf": 0.9700895547866821}
{"FP": 0.9677914381027222, "FPD": 0.5630977153778076, "ASH": 0.7612093091011047, "bf": 0.9766431450843811}
{"FP": 0.9741216897964478, "FPD": 0.5895138382911682, "ASH": 0.7843438386917114, "bf": 0.969240665435791}
{"FP": 0.9644372463226318, "FPD": 0.2855723202228546, "ASH": 0.6848764419555664, "bf": 0.9784138202667236}
{"FP": 0.919588029384613, "FPD": 0.5405893325805664, "ASH": 0.6203033924102783, "bf": 0.6107563972473145}
{"FP": 0.9735689759254456, "FPD": 0.6170294880867004, "ASH": 0.652459442615509, "bf": 0.9349626898765564}
{"FP": 0.9720172882080078, "FPD": 0.5641595125198364, "ASH": 0.7433487176895142, "bf": 0.9733036756515503}
{"FP": 0.9688938856124878, "FPD": 0.5876001715660095, "ASH": 0.7447525262832642, "bf": 0.9743595719337463}
{"FP": 0.9765981435775757, "FPD": 0.5966098308563232, "ASH": 0.7623363733291626, "bf": 0.9730584025382996}
{"FP": 0.9735010862350464, "FPD": 0.5864278078079224, "ASH": 0.7642319202423096, "bf": 0.97796231508255}
{"FP": 0.9718937277793884, "FPD": 0.5697241425514221, "ASH": 0.7161270976066589, "bf": 0.9803046584129333}
{"FP": 0.9793062806129456, "FPD": 0.6115927696228027, "ASH": 0.7665562033653259, "bf": 0.9817014932632446}
{"FP": 0.9820773005485535, "FPD": 0.6123074889183044, "ASH": 0.7691581845283508, "bf": 0.980724573135376}
{"FP": 0.9789450764656067, "FPD": 0.579429566860199, "ASH": 0.7684765458106995, "bf": 0.9817361831665039}
{"FP": 0.9806162118911743, "FPD": 0.5897302627563477, "ASH": 0.7489817142486572, "bf": 0.9816879034042358}
{"FP": 0.977876603603363, "FPD": 0.5788055062294006, "ASH": 0.7812420129776001, "bf": 0.9820500016212463}
{"FP": 0.9763851761817932, "FPD": 0.5726005434989929, "ASH": 0.7547022700309753, "bf": 0.9820137619972229}
{"FP": 0.9831265211105347, "FPD": 0.6304154396057129, "ASH": 0.7689916491508484, "bf": 0.9813249111175537}
{"FP": 0.9772763848304749, "FPD": 0.6001994013786316, "ASH": 0.7852966785430908, "bf": 0.9801187515258789}
{"FP": 0.9777817726135254, "FPD": 0.6408479809761047, "ASH": 0.7769550085067749, "bf": 0.9801665544509888}
{"FP": 0.9822648763656616, "FPD": 0.6526315212249756, "ASH": 0.7709048986434937, "bf": 0.9828330874443054}
{"FP": 0.9791023135185242, "FPD": 0.6114563941955566, "ASH": 0.794521689414978, "bf": 0.9817778468132019}
{"FP": 0.9769384264945984, "FPD": 0.6037684679031372, "ASH": 0.7599974870681763, "bf": 0.9823706746101379}
{"FP": 0.9778259992599487, "FPD": 0.5636520385742188, "ASH": 0.808232843875885, "bf": 0.9817934036254883}
{"FP": 0.9798489809036255, "FPD": 0.6150152087211609, "ASH": 0.7842370867729187, "bf": 0.9819774627685547}
{"FP": 0.9799144268035889, "FPD": 0.5373056530952454, "ASH": 0.7920315861701965, "bf": 0.9819743633270264}
{"FP": 0.9803873896598816, "FPD": 0.5975185632705688, "ASH": 0.7795124053955078, "bf": 0.9821572303771973}
{"FP": 0.9810028076171875, "FPD": 0.6710727214813232, "ASH": 0.7726690769195557, "bf": 0.9832628965377808}
{"FP": 0.979765772819519, "FPD": 0.6377464532852173, "ASH": 0.7761512994766235, "bf": 0.981583833694458}
{"FP": 0.977413535118103, "FPD": 0.5017197132110596, "ASH": 0.7764411568641663, "bf": 0.9820945858955383}
{"FP": 0.976761519908905, "FPD": 0.6020753979682922, "ASH": 0.8014668226242065, "bf": 0.9826604723930359}
{"FP": 0.9789495468139648, "FPD": 0.5921953916549683, "ASH": 0.7694518566131592, "bf": 0.9815747141838074}
{"FP": 0.9796270132064819, "FPD": 0.6549323797225952, "ASH": 0.77458655834198, "bf": 0.9828393459320068}
{"FP": 0.9830898642539978, "FPD": 0.6031230688095093, "ASH": 0.7848045825958252, "bf": 0.9836397767066956}
{"FP": 0.9787338376045227, "FPD": 0.5693058371543884, "ASH": 0.7629586458206177, "bf": 0.9837044477462769}
{"FP": 0.9774197340011597, "FPD": 0.6295642852783203, "ASH": 0.792092502117157, "bf": 0.9831523895263672}
{"FP": 0.9799603819847107, "FPD": 0.6671656370162964, "ASH": 0.7843754291534424, "bf": 0.9832938313484192}
{"FP": 0.9808016419410706, "FPD": 0.6030347347259521, "ASH": 0.8005194067955017, "bf": 0.9827540516853333}
{"FP": 0.9813059568405151, "FPD": 0.5716326832771301, "ASH": 0.7968130111694336, "bf": 0.9828806519508362}
{"FP": 0.9805013537406921, "FPD": 0.6736035346984863, "ASH": 0.7763816714286804, "bf": 0.9821327924728394}
{"FP": 0.9806351065635681, "FPD": 0.6880497336387634, "ASH": 0.814721405506134, "bf": 0.9831470847129822}
{"FP": 0.9719902873039246, "FPD": 0.5803033113479614, "ASH": 0.7735611796379089, "bf": 0.9827170372009277}
{"FP": 0.9785196185112, "FPD": 0.6111518144607544, "ASH": 0.8023399710655212, "bf": 0.9826404452323914}
{"FP": 0.9827806949615479, "FPD": 0.7114498019218445, "ASH": 0.7931919693946838, "bf": 0.9827792644500732}
{"FP": 0.9797594547271729, "FPD": 0.6989818215370178, "ASH": 0.7449895739555359, "bf": 0.9828401803970337}
{"FP": 0.9825596213340759, "FPD": 0.6363762617111206, "ASH": 0.7841796875, "bf": 0.9796065092086792}
{"FP": 0.9834650158882141, "FPD": 0.6836286783218384, "ASH": 0.7977937459945679, "bf": 0.9802054166793823}
{"FP": 0.9831954836845398, "FPD": 0.6785874366760254, "ASH": 0.794074535369873, "bf": 0.9820807576179504}
{"FP": 0.9819010496139526, "FPD": 0.7016477584838867, "ASH": 0.7816264629364014, "bf": 0.9813053011894226}
{"FP": 0.9815167188644409, "FPD": 0.6115607023239136, "ASH": 0.7884146571159363, "bf": 0.9805580973625183}
{"FP": 0.9805835485458374, "FPD": 0.6163216829299927, "ASH": 0.7590047717094421, "bf": 0.9827070236206055}
{"FP": 0.9821397662162781, "FPD": 0.6429628133773804, "ASH": 0.7776060104370117, "bf": 0.9824408292770386}
{"FP": 0.982864499092102, "FPD": 0.6786925792694092, "ASH": 0.7862080931663513, "bf": 0.9825322031974792}
{"FP": 0.9796854853630066, "FPD": 0.6172072887420654, "ASH": 0.7761382460594177, "bf": 0.9824689626693726}
{"FP": 0.9826636910438538, "FPD": 0.6205018162727356, "ASH": 0.767504096031189, "bf": 0.982516348361969}
{"FP": 0.9796702861785889, "FPD": 0.6170920133590698, "ASH": 0.7954308986663818, "bf": 0.9818623065948486}
{"FP": 0.9813722372055054, "FPD": 0.6484631299972534, "ASH": 0.7761081457138062, "bf": 0.9820573329925537}
{"FP": 0.9795238375663757, "FPD": 0.6027273535728455, "ASH": 0.7555082440376282, "bf": 0.9823001027107239}
{"FP": 0.9804456830024719, "FPD": 0.6124272346496582, "ASH": 0.7594608664512634,