{"FP": 0.0, "FPD": 0.0, "ASH": 0.0, "bf": 0.0}
{"FP": 0.0, "FPD": 0.0, "ASH": 0.0, "bf": 0.0}
{"FP": 0.0, "FPD": 0.0, "ASH": 0.0, "bf": 0.0}
{"FP": 0.0, "FPD": 0.0, "ASH": 0.0, "bf": 0.0}
{"FP": 0.0, "FPD": 0.0, "ASH": 0.0, "bf": 0.0}
{"FP": 0.0, "FPD": 0.0, "ASH": 0.0, "bf": 0.0}
{"FP": 0.0, "FPD": 0.0, "ASH": 0.0, "bf": 0.000599320512264967}
{"FP": 1.5506941053899936e-05, "FPD": 0.0, "ASH": 0.0, "bf": 0.015419279225170612}
{"FP": 0.43760576844215393, "FPD": 0.0, "ASH": 0.0, "bf": 0.0920385867357254}
{"FP": 0.8605242967605591, "FPD": 0.0, "ASH": 0.0, "bf": 0.5772727727890015}
{"FP": 0.8733249306678772, "FPD": 0.0, "ASH": 0.009849576279520988, "bf": 0.8808631896972656}
{"FP": 0.9553796052932739, "FPD": 0.0, "ASH": 0.49651193618774414, "bf": 0.925040066242218}
{"FP": 0.9369834065437317, "FPD": 0.0, "ASH": 0.6001372933387756, "bf": 0.9351614713668823}
{"FP": 0.9579657316207886, "FPD": 0.0, "ASH": 0.7611921429634094, "bf": 0.9466213583946228}
{"FP": 0.9453567862510681, "FPD": 0.0, "ASH": 0.734558641910553, "bf": 0.9561794996261597}
{"FP": 0.9598009586334229, "FPD": 0.0, "ASH": 0.7769508957862854, "bf": 0.9641789197921753}
{"FP": 0.9756793975830078, "FPD": 0.0, "ASH": 0.8307907581329346, "bf": 0.9676188230514526}
{"FP": 0.9743319749832153, "FPD": 0.0, "ASH": 0.754450798034668, "bf": 0.9185751676559448}
{"FP": 0.9395739436149597, "FPD": 0.0, "ASH": 0.5509093403816223, "bf": 0.9576951265335083}
{"FP": 0.9704227447509766, "FPD": 0.0, "ASH": 0.6253542304039001, "bf": 0.9596595764160156}
{"FP": 0.9773556590080261, "FPD": 0.0, "ASH": 0.7572668194770813, "bf": 0.9752039313316345}
{"FP": 0.9802489876747131, "FPD": 0.0, "ASH": 0.8017895817756653, "bf": 0.9767135977745056}
{"FP": 0.9825977683067322, "FPD": 0.0, "ASH": 0.8451439142227173, "bf": 0.9784567356109619}
{"FP": 0.9729161858558655, "FPD": 0.0, "ASH": 0.8564366102218628, "bf": 0.9797718524932861}
{"FP": 0.9828401207923889, "FPD": 0.0, "ASH": 0.8822692036628723, "bf": 0.9796410799026489}
{"FP": 0.9725478291511536, "FPD": 0.0036079452838748693, "ASH": 0.8811715245246887, "bf": 0.9810811281204224}
{"FP": 0.9763355255126953, "FPD": 0.1434711366891861, "ASH": 0.8781871795654297, "bf": 0.9809015989303589}
{"FP": 0.9825471043586731, "FPD": 0.4841736853122711, "ASH": 0.8858444094657898, "bf": 0.9794007539749146}
{"FP": 0.981340229511261, "FPD": 0.5012344717979431, "ASH": 0.8847929239273071, "bf": 0.9806300401687622}
{"FP": 0.9705597758293152, "FPD": 0.4608329236507416, "ASH": 0.8973138928413391, "bf": 0.9809853434562683}
{"FP": 0.9733753204345703, "FPD": 0.3497374355792999, "ASH": 0.8843350410461426, "bf": 0.9817029237747192}
{"FP": 0.9790210723876953, "FPD": 0.41372185945510864, "ASH": 0.8707377910614014, "bf": 0.9807762503623962}
{"FP": 0.9845336079597473, "FPD": 0.5612766146659851, "ASH": 0.9007453918457031, "bf": 0.9822269082069397}
{"FP": 0.9819626212120056, "FPD": 0.39668503403663635, "ASH": 0.9026995897293091, "bf": 0.9833763837814331}
{"FP": 0.979692280292511, "FPD": 0.6616345047950745, "ASH": 0.9078054428100586, "bf": 0.9820454120635986}
{"FP": 0.9796386361122131, "FPD": 0.6388481855392456, "ASH": 0.9143705368041992, "bf": 0.9841450452804565}
{"FP": 0.9849426746368408, "FPD": 0.670894980430603, "ASH": 0.9196865558624268, "bf": 0.9836812615394592}
{"FP": 0.9839590191841125, "FPD": 0.6833052039146423, "ASH": 0.9130579829216003, "bf": 0.9848533272743225}
{"FP": 0.9845390319824219, "FPD": 0.6446431875228882, "ASH": 0.8985072374343872, "bf": 0.979208767414093}
{"FP": 0.9848752617835999, "FPD": 0.6797581911087036, "ASH": 0.9015441536903381, "bf": 0.982321560382843}
{"FP": 0.9767944812774658, "FPD": 0.5459893941879272, "ASH": 0.8928444981575012, "bf": 0.984018862247467}
{"FP": 0.9823688864707947, "FPD": 0.6319100260734558, "ASH": 0.884112536907196, "bf": 0.9843844175338745}
{"FP": 0.982090950012207, "FPD": 0.6673903465270996, "ASH": 0.8912718296051025, "bf": 0.9840587973594666}
{"FP": 0.9848534464836121, "FPD": 0.6955750584602356, "ASH": 0.9234415888786316, "bf": 0.9854382276535034}
{"FP": 0.9835619330406189, "FPD": 0.6592632532119751, "ASH": 0.904251217842102, "bf": 0.984975278377533}
{"FP": 0.9806951880455017, "FPD": 0.4709945321083069, "ASH": 0.9229407906532288, "bf": 0.9856748580932617}
{"FP": 0.9859789609909058, "FPD": 0.643099308013916, "ASH": 0.9178180694580078, "bf": 0.9848847985267639}
{"FP": 0.9885420203208923, "FPD": 0.7123290300369263, "ASH": 0.9259884357452393, "bf": 0.9857800006866455}
{"FP": 0.987030029296875, "FPD": 0.725156843662262, "ASH": 0.9309952855110168, "bf": 0.9862632751464844}
{"FP": 0.9896477460861206, "FPD": 0.7304245829582214, "ASH": 0.9307059049606323, "bf": 0.9832403659820557}
{"FP": 0.9884902238845825, "FPD": 0.7277659773826599, "ASH": 0.9140415191650391, "bf": 0.9843826293945312}
{"FP": 0.989151120185852, "FPD": 0.7071511149406433, "ASH": 0.9054456353187561, "bf": 0.9814796447753906}
{"FP": 0.9883549809455872, "FPD": 0.7115148305892944, "ASH": 0.919104814529419, "bf": 0.9847065806388855}
{"FP": 0.9866586327552795, "FPD": 0.7066306471824646, "ASH": 0.9189334511756897, "bf": 0.9850482940673828}
{"FP": 0.9873719811439514, "FPD": 0.722231924533844, "ASH": 0.9308238625526428, "bf": 0.9865620136260986}
{"FP": 0.9895833134651184, "FPD": 0.7176313996315002, "ASH": 0.9237073063850403, "bf": 0.9869983792304993}
{"FP": 0.9889612197875977, "FPD": 0.727303147315979, "ASH": 0.931229829788208, "bf": 0.9875786900520325}
{"FP": 0.9906275272369385, "FPD": 0.7074869275093079, "ASH": 0.9333117008209229, "bf": 0.9869208931922913}
{"FP": 0.9900083541870117, "FPD": 0.7351067662239075, "ASH": 0.9305941462516785, "bf": 0.986710786819458}
{"FP": 0.9902471899986267, "FPD": 0.6900188326835632, "ASH": 0.9261866807937622, "bf": 0.9876565933227539}
{"FP": 0.9900989532470703, "FPD": 0.7323063015937805, "ASH": 0.9344145655632019, "bf": 0.9869981408119202}
{"FP": 0.9889742732048035, "FPD": 0.695726752281189, "ASH": 0.9309408664703369, "bf": 0.9882297515869141}
{"FP": 0.9888886213302612, "FPD": 0.6865262985229492, "ASH": 0.935380220413208, "bf": 0.9850510358810425}
{"FP": 0.9899333119392395, "FPD": 0.7205939888954163, "ASH": 0.9177379608154297, "bf": 0.9878017902374268}
{"FP": 0.9894006848335266, "FPD": 0.7236633896827698, "ASH": 0.9237189888954163, "bf": 0.9872530698776245}
{"FP": 0.9913986325263977, "FPD": 0.7196276187896729, "ASH": 0.9145262837409973, "bf": 0.9880911707878113}
{"FP": 0.9905253648757935, "FPD": 0.7295618653297424, "ASH": 0.9290135502815247, "bf": 0.9874399304389954}
{"FP": 0.9915256500244141, "FPD": 0.7348299622535706, "ASH": 0.9419806003570557, "bf": 0.9877845048904419}
{"FP": 0.9912334084510803, "FPD": 0.7362380623817444, "ASH": 0.9357323050498962, "bf": 0.9870789647102356}
{"FP": 0.9881550669670105, "FPD": 0.6955457329750061, "ASH": 0.9360392093658447, "bf": 0.9884182810783386}
{"FP": 0.9889708757400513, "FPD": 0.719745934009552, "ASH": 0.9300932288169861, "bf": 0.9878122806549072}
{"FP": 0.9881598353385925, "FPD": 0.6678189635276794, "ASH": 0.9412934184074402, "bf": 0.9891541600227356}
{"FP": 0.9874683022499084, "FPD": 0.6982777118682861, "ASH": 0.9353592395782471, "bf": 0.987514078617096}
{"FP": 0.9737749099731445, "FPD": 0.6404733061790466, "ASH": 0.9217951893806458, "bf": 0.9822218418121338}
{"FP": 0.9781048893928528, "FPD": 0.5988367199897766, "ASH": 0.7917808890342712, "bf": 0.9779403805732727}
{"FP": 0.9853907823562622, "FPD": 0.705818235874176, "ASH": 0.7870002388954163, "bf": 0.9787068963050842}
{"FP": 0.9836074113845825, "FPD": 0.6686224937438965, "ASH": 0.873905599117279, "bf": 0.984435498714447}
{"FP": 0.9617123007774353, "FPD": 0.5482577085494995, "ASH": 0.9097201228141785, "bf": 0.985284149646759}
