{"FP": 0.0, "FPD": 0.0, "ASH": 0.0, "bf": 0.0}
{"FP": 0.0, "FPD": 0.0, "ASH": 0.0, "bf": 0.0}
{"FP": 0.0, "FPD": 0.0, "ASH": 0.0, "bf": 0.0}
{"FP": 0.0, "FPD": 0.0, "ASH": 0.0, "bf": 0.0}
{"FP": 0.0, "FPD": 0.0, "ASH": 0.0, "bf": 0.0}
{"FP": 0.0, "FPD": 0.0, "ASH": 0.0, "bf": 0.0}
{"FP": 0.0, "FPD": 0.0, "ASH": 0.0, "bf": 0.0017505064606666565}
{"FP": 1.6905027223401703e-05, "FPD": 0.0, "ASH": 0.0, "bf": 0.028142912313342094}
{"FP": 0.46014127135276794, "FPD": 0.0, "ASH": 0.0, "bf": 0.13026529550552368}
{"FP": 0.8719761371612549, "FPD": 0.0, "ASH": 0.0, "bf": 0.6350336074829102}
{"FP": 0.8619672656059265, "FPD": 0.0, "ASH": 0.0052564144134521484, "bf": 0.8934122323989868}
{"FP": 0.9296041131019592, "FPD": 0.0, "ASH": 0.43257173895835876, "bf": 0.9299904108047485}
{"FP": 0.9288553595542908, "FPD": 0.0, "ASH": 0.5939732193946838, "bf": 0.9386196136474609}
{"FP": 0.9578630328178406, "FPD": 0.0, "ASH": 0.7465344667434692, "bf": 0.949263334274292}
{"FP": 0.9525750875473022, "FPD": 0.0, "ASH": 0.6677024364471436, "bf": 0.9586094617843628}
{"FP": 0.9601472616195679, "FPD": 0.0, "ASH": 0.7234920263290405, "bf": 0.9652697443962097}
{"FP": 0.9782638549804688, "FPD": 0.0, "ASH": 0.7820520997047424, "bf": 0.9682996869087219}
{"FP": 0.9564390778541565, "FPD": 0.0, "ASH": 0.7089696526527405, "bf": 0.9277135729789734}
{"FP": 0.941540539264679, "FPD": 0.0, "ASH": 0.47521668672561646, "bf": 0.9629102945327759}
{"FP": 0.9787728786468506, "FPD": 0.0, "ASH": 0.648485004901886, "bf": 0.9590859413146973}
{"FP": 0.9704945087432861, "FPD": 0.0, "ASH": 0.7376378774642944, "bf": 0.9746875166893005}
{"FP": 0.9796907901763916, "FPD": 0.0, "ASH": 0.7501132488250732, "bf": 0.9764197468757629}
{"FP": 0.983742892742157, "FPD": 0.0, "ASH": 0.7855267524719238, "bf": 0.9774641394615173}
{"FP": 0.980648934841156, "FPD": 0.0, "ASH": 0.7888296246528625, "bf": 0.9778525829315186}
{"FP": 0.9826507568359375, "FPD": 0.0, "ASH": 0.8231663107872009, "bf": 0.9770529866218567}
{"FP": 0.9554694890975952, "FPD": 0.0, "ASH": 0.7765423059463501, "bf": 0.9785124659538269}
{"FP": 0.9545770883560181, "FPD": 0.0, "ASH": 0.8158695697784424, "bf": 0.9787853360176086}
{"FP": 0.9504269361495972, "FPD": 0.1664910465478897, "ASH": 0.8202681541442871, "bf": 0.9772758483886719}
{"FP": 0.9613645076751709, "FPD": 0.1636069118976593, "ASH": 0.8039163947105408, "bf": 0.9776901602745056}
{"FP": 0.9606252312660217, "FPD": 0.12174439430236816, "ASH": 0.8230410814285278, "bf": 0.9778904914855957}
{"FP": 0.9763188362121582, "FPD": 0.014797507785260677, "ASH": 0.8094764947891235, "bf": 0.9788522124290466}
{"FP": 0.9814589023590088, "FPD": 0.08018867671489716, "ASH": 0.8080474138259888, "bf": 0.979403018951416}
{"FP": 0.9845191240310669, "FPD": 0.17783504724502563, "ASH": 0.8264786601066589, "bf": 0.9791753888130188}
{"FP": 0.9809643030166626, "FPD": 0.07004830986261368, "ASH": 0.8171265721321106, "bf": 0.9796900749206543}
{"FP": 0.9768686890602112, "FPD": 0.21273408830165863, "ASH": 0.8188177347183228, "bf": 0.977971613407135}
{"FP": 0.9807644486427307, "FPD": 0.21875, "ASH": 0.8148543834686279, "bf": 0.9801294803619385}
{"FP": 0.9821352958679199, "FPD": 0.2201801836490631, "ASH": 0.8231151103973389, "bf": 0.9791278839111328}
{"FP": 0.9819786548614502, "FPD": 0.22145003080368042, "ASH": 0.8365657925605774, "bf": 0.980242133140564}
{"FP": 0.9822641611099243, "FPD": 0.2258329838514328, "ASH": 0.8262072801589966, "bf": 0.9763458967208862}
{"FP": 0.9843603372573853, "FPD": 0.22053372859954834, "ASH": 0.8050540685653687, "bf": 0.9784711003303528}
{"FP": 0.9792315363883972, "FPD": 0.19597315788269043, "ASH": 0.786640465259552, "bf": 0.9798738360404968}
{"FP": 0.9824274778366089, "FPD": 0.21345657110214233, "ASH": 0.7881924510002136, "bf": 0.9796169996261597}
{"FP": 0.9783079028129578, "FPD": 0.2087264209985733, "ASH": 0.8237649202346802, "bf": 0.9790223240852356}
{"FP": 0.983832836151123, "FPD": 0.2031635195016861, "ASH": 0.8299117684364319, "bf": 0.9799853563308716}
{"FP": 0.978286623954773, "FPD": 0.19673660397529602, "ASH": 0.8002076148986816, "bf": 0.979954719543457}
{"FP": 0.980522871017456, "FPD": 0.12177985906600952, "ASH": 0.8472865223884583, "bf": 0.9801966547966003}
{"FP": 0.984037458896637, "FPD": 0.18752744793891907, "ASH": 0.8256608247756958, "bf": 0.9794790744781494}
{"FP": 0.9852488040924072, "FPD": 0.2136487066745758, "ASH": 0.8175426721572876, "bf": 0.9792102575302124}
{"FP": 0.9810085892677307, "FPD": 0.2180970162153244, "ASH": 0.8184424638748169, "bf": 0.9802478551864624}
{"FP": 0.985472559928894, "FPD": 0.21971935033798218, "ASH": 0.8295872807502747, "bf": 0.9780560731887817}
{"FP": 0.982515275478363, "FPD": 0.21525238454341888, "ASH": 0.8116323351860046, "bf": 0.9789544343948364}
{"FP": 0.9845973253250122, "FPD": 0.21879999339580536, "ASH": 0.8162528276443481, "bf": 0.9766207933425903}
{"FP": 0.9844496846199036, "FPD": 0.2106529176235199, "ASH": 0.8194901943206787, "bf": 0.978359580039978}
{"FP": 0.9825140237808228, "FPD": 0.207892045378685, "ASH": 0.8148609399795532, "bf": 0.9785429239273071}
{"FP": 0.985417902469635, "FPD": 0.21124498546123505, "ASH": 0.8350836038589478, "bf": 0.9799684882164001}
{"FP": 0.9830734729766846, "FPD": 0.21580439805984497, "ASH": 0.8222935795783997, "bf": 0.9791623950004578}
{"FP": 0.9848328232765198, "FPD": 0.2021040916442871, "ASH": 0.814293384552002, "bf": 0.9798561334609985}
{"FP": 0.9829893112182617, "FPD": 0.20139113068580627, "ASH": 0.8333768844604492, "bf": 0.9797219038009644}
{"FP": 0.9838091731071472, "FPD": 0.20877905189990997, "ASH": 0.8246180415153503, "bf": 0.980015218257904}
{"FP": 0.9841874837875366, "FPD": 0.21577629446983337, "ASH": 0.8079603910446167, "bf": 0.9797494411468506}
{"FP": 0.9823418259620667, "FPD": 0.21969152987003326, "ASH": 0.8149954080581665, "bf": 0.9794742465019226}
{"FP": 0.9807804226875305, "FPD": 0.22123053669929504, "ASH": 0.8301617503166199, "bf": 0.9793651103973389}
{"FP": 0.9842861890792847, "FPD": 0.20752324163913727, "ASH": 0.81892991065979, "bf": 0.9778790473937988}
{"FP": 0.9830784201622009, "FPD": 0.2181488275527954, "ASH": 0.8301424384117126, "bf": 0.9795214533805847}
{"FP": 0.9826642870903015, "FPD": 0.20770065486431122, "ASH": 0.8243849873542786, "bf": 0.9796767234802246}
{"FP": 0.9850546717643738, "FPD": 0.22608864307403564, "ASH": 0.799930989742279, "bf": 0.979765772819519}
{"FP": 0.982598066329956, "FPD": 0.21394582092761993, "ASH": 0.8023223876953125, "bf": 0.9791385531425476}
{"FP": 0.9839563369750977, "FPD": 0.21859021484851837, "ASH": 0.8197415471076965, "bf": 0.9797924160957336}
{"FP": 0.9843683838844299, "FPD": 0.21019473671913147, "ASH": 0.8300471901893616, "bf": 0.9788594245910645}
{"FP": 0.9825692772865295, "FPD": 0.20775623619556427, "ASH": 0.8099257946014404, "bf": 0.9800012111663818}
{"FP": 0.9805375337600708, "FPD": 0.2216804176568985, "ASH": 0.8089606761932373, "bf": 0.9790382385253906}
{"FP": 0.9839134812355042, "FPD": 0.1853741556406021, "ASH": 0.8145711421966553, "bf": 0.979974091053009}
{"FP": 0.9850143790245056, "FPD": 0.20461538434028625, "ASH": 0.824049174785614, "bf": 0.9794920682907104}
{"FP": 0.9706720113754272, "FPD": 0.21853774785995483, "ASH": 0.8079382181167603, "bf": 0.9779620170593262}
{"FP": 0.9741944074630737, "FPD": 0.19942381978034973, "ASH": 0.7058987021446228, "bf": 0.9780736565589905}
{"FP": 0.9793760776519775, "FPD": 0.20698624849319458, "ASH": 0.6903765797615051, "bf": 0.9746487736701965}
{"FP": 0.9769799709320068, "FPD": 0.21140938997268677, "ASH": 0.7822365760803223, "bf": 0.9789644479751587}
{"FP": 0.9559834003448486, "FPD": 0.1701720803976059, "ASH": 0.8022992014884949, "bf": 0.9794900417327881}
