{"FP": 0.0, "FPD": 0.0, "ASH": 0.082678884267807, "bf": 0.43945470452308655}
{"FP": 0.19893920421600342, "FPD": 0.0, "ASH": 6.830880920460913e-06, "bf": 0.0}
{"FP": 0.1968163102865219, "FPD": 0.0, "ASH": 0.0, "bf": 0.0}
{"FP": 0.19702869653701782, "FPD": 0.0, "ASH": 0.0, "bf": 0.0}
{"FP": 0.22256135940551758, "FPD": 0.0, "ASH": 0.0, "bf": 0.0}
{"FP": 0.29526448249816895, "FPD": 0.0, "ASH": 0.0, "bf": 0.0}
{"FP": 0.016155341640114784, "FPD": 0.0, "ASH": 0.0, "bf": 2.9135586373740807e-05}
{"FP": 3.5456844216241734e-06, "FPD": 0.0, "ASH": 0.0, "bf": 0.0007593692280352116}
{"FP": 0.0, "FPD": 0.0, "ASH": 0.000360066449502483, "bf": 0.020939087495207787}
{"FP": 0.8761461973190308, "FPD": 0.0, "ASH": 0.5788244605064392, "bf": 0.13564357161521912}
{"FP": 0.8828108906745911, "FPD": 0.0, "ASH": 0.5651296973228455, "bf": 0.4943799078464508}
{"FP": 0.9376809000968933, "FPD": 0.0, "ASH": 0.6968246698379517, "bf": 0.7562068104743958}
{"FP": 0.9594901204109192, "FPD": 0.0, "ASH": 0.6429067254066467, "bf": 0.9044373035430908}
{"FP": 0.9400131702423096, "FPD": 0.0, "ASH": 0.706057608127594, "bf": 0.932876467704773}
{"FP": 0.9650570750236511, "FPD": 0.0, "ASH": 0.6969978213310242, "bf": 0.941741943359375}
{"FP": 0.9540426731109619, "FPD": 0.0, "ASH": 0.7484343647956848, "bf": 0.9451945424079895}
{"FP": 0.9681423902511597, "FPD": 0.0, "ASH": 0.7671129703521729, "bf": 0.965086817741394}
{"FP": 0.9719991683959961, "FPD": 0.0, "ASH": 0.8537564277648926, "bf": 0.9650967121124268}
{"FP": 0.98114013671875, "FPD": 0.0, "ASH": 0.7924886345863342, "bf": 0.9719618558883667}
{"FP": 0.980437695980072, "FPD": 0.00015576095029246062, "ASH": 0.8301833271980286, "bf": 0.9728781580924988}
{"FP": 0.972668468952179, "FPD": 0.04417868331074715, "ASH": 0.8296283483505249, "bf": 0.9753867387771606}
{"FP": 0.9739251732826233, "FPD": 0.36741554737091064, "ASH": 0.8176937103271484, "bf": 0.975803792476654}
{"FP": 0.9798327684402466, "FPD": 0.6547002792358398, "ASH": 0.8566463589668274, "bf": 0.9722073078155518}
{"FP": 0.983536422252655, "FPD": 0.6171668171882629, "ASH": 0.8792300224304199, "bf": 0.9756834506988525}
{"FP": 0.9825305938720703, "FPD": 0.6269665360450745, "ASH": 0.8962209820747375, "bf": 0.9806385040283203}
{"FP": 0.9847405552864075, "FPD": 0.6691388487815857, "ASH": 0.9091587066650391, "bf": 0.9818047285079956}
{"FP": 0.9832592010498047, "FPD": 0.6863019466400146, "ASH": 0.904809296131134, "bf": 0.9829003214836121}
{"FP": 0.9806092381477356, "FPD": 0.6635315418243408, "ASH": 0.8814625144004822, "bf": 0.982503354549408}
{"FP": 0.981044590473175, "FPD": 0.623816967010498, "ASH": 0.8999084830284119, "bf": 0.9840614795684814}
{"FP": 0.9835492372512817, "FPD": 0.646769642829895, "ASH": 0.9036836624145508, "bf": 0.984201967716217}
{"FP": 0.9829166531562805, "FPD": 0.6497874855995178, "ASH": 0.8734655976295471, "bf": 0.9809213280677795}
{"FP": 0.9858912229537964, "FPD": 0.665341317653656, "ASH": 0.9058235287666321, "bf": 0.9834296107292175}
{"FP": 0.987315833568573, "FPD": 0.6951399445533752, "ASH": 0.9123514890670776, "bf": 0.9815158843994141}
{"FP": 0.9817236065864563, "FPD": 0.6357724666595459, "ASH": 0.9167506098747253, "bf": 0.9798977375030518}
{"FP": 0.9847496151924133, "FPD": 0.6473961472511292, "ASH": 0.9170992970466614, "bf": 0.9848967790603638}
{"FP": 0.986701250076294, "FPD": 0.6677337884902954, "ASH": 0.9032324552536011, "bf": 0.9848644733428955}
{"FP": 0.986144483089447, "FPD": 0.6512705683708191, "ASH": 0.9135854840278625, "bf": 0.9841426014900208}
{"FP": 0.9815037250518799, "FPD": 0.6649043560028076, "ASH": 0.9231889843940735, "bf": 0.9856789708137512}
{"FP": 0.9862861633300781, "FPD": 0.666988730430603, "ASH": 0.9105799198150635, "bf": 0.9857056736946106}
{"FP": 0.986139714717865, "FPD": 0.69505375623703, "ASH": 0.9185910820960999, "bf": 0.9860154390335083}
{"FP": 0.94871586561203, "FPD": 0.5795000195503235, "ASH": 0.8860598802566528, "bf": 0.9843673706054688}
{"FP": 0.984526515007019, "FPD": 0.673965334892273, "ASH": 0.8937699198722839, "bf": 0.9837258458137512}
{"FP": 0.9830625653266907, "FPD": 0.6003944277763367, "ASH": 0.8687390685081482, "bf": 0.982955813407898}
{"FP": 0.9825932383537292, "FPD": 0.5938480496406555, "ASH": 0.9078516364097595, "bf": 0.9813560843467712}
{"FP": 0.9832969307899475, "FPD": 0.5796729922294617, "ASH": 0.915208637714386, "bf": 0.9828274250030518}
{"FP": 0.9857892990112305, "FPD": 0.6766831278800964, "ASH": 0.9157432913780212, "bf": 0.9842374920845032}
{"FP": 0.9864286780357361, "FPD": 0.6931091547012329, "ASH": 0.8940883278846741, "bf": 0.9856168031692505}
{"FP": 0.9878605604171753, "FPD": 0.7009636759757996, "ASH": 0.9265730977058411, "bf": 0.9858635067939758}
{"FP": 0.9885576367378235, "FPD": 0.7003551125526428, "ASH": 0.9235244393348694, "bf": 0.9865044355392456}
{"FP": 0.9884265065193176, "FPD": 0.7020872235298157, "ASH": 0.924994170665741, "bf": 0.9867151379585266}
{"FP": 0.9880542755126953, "FPD": 0.6926767826080322, "ASH": 0.9286891222000122, "bf": 0.9863079786300659}
{"FP": 0.9856982827186584, "FPD": 0.7022162675857544, "ASH": 0.9320210218429565, "bf": 0.9862383008003235}
{"FP": 0.9876224994659424, "FPD": 0.6908780932426453, "ASH": 0.9146454930305481, "bf": 0.9853631258010864}
{"FP": 0.9875275492668152, "FPD": 0.6728734970092773, "ASH": 0.9337466359138489, "bf": 0.9872120022773743}
{"FP": 0.9857146143913269, "FPD": 0.6716638803482056, "ASH": 0.9357051849365234, "bf": 0.9873538613319397}
{"FP": 0.9855616092681885, "FPD": 0.6873471140861511, "ASH": 0.92870032787323, "bf": 0.9870782494544983}
{"FP": 0.9898045063018799, "FPD": 0.7134995460510254, "ASH": 0.9306760430335999, "bf": 0.9877201914787292}
{"FP": 0.9838376641273499, "FPD": 0.6735988855361938, "ASH": 0.9189638495445251, "bf": 0.9874327778816223}
{"FP": 0.9903457760810852, "FPD": 0.7085917592048645, "ASH": 0.9258673191070557, "bf": 0.9854493737220764}
{"FP": 0.9899294972419739, "FPD": 0.7020541429519653, "ASH": 0.9353257417678833, "bf": 0.9874866604804993}
{"FP": 0.9895331263542175, "FPD": 0.7034698128700256, "ASH": 0.9363531470298767, "bf": 0.9872681498527527}
{"FP": 0.9865845441818237, "FPD": 0.6911045908927917, "ASH": 0.9336580634117126, "bf": 0.9880741238594055}
{"FP": 0.986456573009491, "FPD": 0.671919047832489, "ASH": 0.9381427764892578, "bf": 0.9871041178703308}
{"FP": 0.9901787638664246, "FPD": 0.7149551510810852, "ASH": 0.9266546964645386, "bf": 0.9865016937255859}
{"FP": 0.9785732626914978, "FPD": 0.6455836296081543, "ASH": 0.9365130662918091, "bf": 0.9870433807373047}
{"FP": 0.9822132587432861, "FPD": 0.6983503699302673, "ASH": 0.9196305871009827, "bf": 0.9864924550056458}
{"FP": 0.9798014163970947, "FPD": 0.6396986842155457, "ASH": 0.9282640814781189, "bf": 0.988256573677063}
{"FP": 0.9886512756347656, "FPD": 0.7168002724647522, "ASH": 0.9174352288246155, "bf": 0.9876421093940735}
{"FP": 0.9911034107208252, "FPD": 0.7261297106742859, "ASH": 0.9287810921669006, "bf": 0.9885044097900391}
{"FP": 0.9904598593711853, "FPD": 0.7195555567741394, "ASH": 0.9407755732536316, "bf": 0.9884476065635681}
{"FP": 0.9912605285644531, "FPD": 0.706810474395752, "ASH": 0.9409975409507751, "bf": 0.9888270497322083}
{"FP": 0.989396333694458, "FPD": 0.7285815477371216, "ASH": 0.942556619644165, "bf": 0.9893219470977783}
{"FP": 0.9913771748542786, "FPD": 0.7303630113601685, "ASH": 0.9416868686676025, "bf": 0.988849937915802}
{"FP": 0.9911046624183655, "FPD": 0.7240845561027527, "ASH": 0.9448565244674683, "bf": 0.9895569682121277}
{"FP": 0.990711510181427, "FPD": 0.7194622159004211, "ASH": 0.9456847310066223, "bf": 0.9897955060005188}
{"FP": 0.9893690943717957, "FPD": 0.7006388306617737, "ASH": 0.9421291351318359, "bf": 0.9895744323730469}
{"FP": 0.98943030834198, "FPD": 0.7221545577049255, "ASH": 0.9437333345413208, "bf": 0.9898504614830017}
{"FP": 0.9916771650314331, "FPD": 0.7243244051933289, "ASH": 0.9444683194160461, "bf": 0.9901776909828186}
{"FP": 0.9916937351226807, "FPD": 0.7220398187637329, "ASH": 0.9441239237785339, "bf": 0.9898613691329956}
{"FP": 0.9872275590896606,