{"FP": 0.0, "FPD": 0.0, "ASH": 0.10004184395074844, "bf": 0.45230022072792053}
{"FP": 0.21065248548984528, "FPD": 0.0, "ASH": 0.0, "bf": 0.0}
{"FP": 0.20842353999614716, "FPD": 0.0, "ASH": 0.0, "bf": 0.0}
{"FP": 0.20853909850120544, "FPD": 0.0, "ASH": 0.0, "bf": 0.0}
{"FP": 0.2439928948879242, "FPD": 0.0, "ASH": 0.0, "bf": 0.0}
{"FP": 0.3139614462852478, "FPD": 0.0, "ASH": 0.0, "bf": 0.0}
{"FP": 0.01842496544122696, "FPD": 0.0, "ASH": 0.0, "bf": 0.0}
{"FP": 0.0, "FPD": 0.0, "ASH": 0.0, "bf": 0.002398822456598282}
{"FP": 0.0, "FPD": 0.0, "ASH": 0.0, "bf": 0.02428882010281086}
{"FP": 0.8836477994918823, "FPD": 0.0, "ASH": 0.4307577610015869, "bf": 0.11242639273405075}
{"FP": 0.8789242506027222, "FPD": 0.0, "ASH": 0.47257375717163086, "bf": 0.4738937020301819}
{"FP": 0.9459666609764099, "FPD": 0.0, "ASH": 0.6856164336204529, "bf": 0.777468740940094}
{"FP": 0.9637119770050049, "FPD": 0.0, "ASH": 0.6409910917282104, "bf": 0.9027174115180969}
{"FP": 0.9417009949684143, "FPD": 0.0, "ASH": 0.67396080493927, "bf": 0.932011604309082}
{"FP": 0.9627093076705933, "FPD": 0.0, "ASH": 0.6864794492721558, "bf": 0.9377477169036865}
{"FP": 0.9587851762771606, "FPD": 0.0, "ASH": 0.7295600175857544, "bf": 0.944726824760437}
{"FP": 0.970784068107605, "FPD": 0.0, "ASH": 0.73604416847229, "bf": 0.9612549543380737}
{"FP": 0.9707736968994141, "FPD": 0.0, "ASH": 0.8406461477279663, "bf": 0.960658848285675}
{"FP": 0.979675829410553, "FPD": 0.0, "ASH": 0.751651406288147, "bf": 0.9648070931434631}
{"FP": 0.9783979058265686, "FPD": 0.0, "ASH": 0.7474989295005798, "bf": 0.9666515588760376}
{"FP": 0.9712549448013306, "FPD": 0.013869625516235828, "ASH": 0.8535755276679993, "bf": 0.9723585247993469}
{"FP": 0.9734833240509033, "FPD": 0.07211538404226303, "ASH": 0.7916246652603149, "bf": 0.9731572270393372}
{"FP": 0.9777976274490356, "FPD": 0.20353716611862183, "ASH": 0.7981961369514465, "bf": 0.9678424000740051}
{"FP": 0.9806452989578247, "FPD": 0.21412964165210724, "ASH": 0.8329459428787231, "bf": 0.9721087217330933}
{"FP": 0.9821691513061523, "FPD": 0.1385229527950287, "ASH": 0.8707264065742493, "bf": 0.9774638414382935}
{"FP": 0.9815364480018616, "FPD": 0.18205666542053223, "ASH": 0.8601590394973755, "bf": 0.9792529344558716}
{"FP": 0.9775224924087524, "FPD": 0.18938149511814117, "ASH": 0.8825956583023071, "bf": 0.9794349670410156}
{"FP": 0.9762154817581177, "FPD": 0.17688311636447906, "ASH": 0.816658079624176, "bf": 0.979034423828125}
{"FP": 0.9825901985168457, "FPD": 0.16252927482128143, "ASH": 0.8310980796813965, "bf": 0.9812416434288025}
{"FP": 0.9829897880554199, "FPD": 0.1923503279685974, "ASH": 0.8312873840332031, "bf": 0.9804069995880127}
{"FP": 0.9808617234230042, "FPD": 0.16951636970043182, "ASH": 0.8113380074501038, "bf": 0.9758906364440918}
{"FP": 0.9818730354309082, "FPD": 0.19509412348270416, "ASH": 0.8408485651016235, "bf": 0.9790998697280884}
{"FP": 0.9824342727661133, "FPD": 0.17324014008045197, "ASH": 0.850135326385498, "bf": 0.9769190549850464}
{"FP": 0.9804220795631409, "FPD": 0.15806303918361664, "ASH": 0.8419021964073181, "bf": 0.9744582176208496}
{"FP": 0.981898844242096, "FPD": 0.16492395102977753, "ASH": 0.8545653820037842, "bf": 0.9785996079444885}
{"FP": 0.982299268245697, "FPD": 0.18418258428573608, "ASH": 0.8318194150924683, "bf": 0.9784374237060547}
{"FP": 0.9798362255096436, "FPD": 0.15086956322193146, "ASH": 0.8209170699119568, "bf": 0.9798822402954102}
{"FP": 0.9759750962257385, "FPD": 0.20499679446220398, "ASH": 0.8584726452827454, "bf": 0.9785274267196655}
{"FP": 0.9810345768928528, "FPD": 0.15656109154224396, "ASH": 0.8351935744285583, "bf": 0.97956782579422}
{"FP": 0.9798834919929504, "FPD": 0.20817245543003082, "ASH": 0.8316004276275635, "bf": 0.9793094396591187}
{"FP": 0.9454572200775146, "FPD": 0.15281593799591064, "ASH": 0.8221160173416138, "bf": 0.9743934869766235}
{"FP": 0.9805904626846313, "FPD": 0.17951425909996033, "ASH": 0.8204136490821838, "bf": 0.9795316457748413}
{"FP": 0.9813401699066162, "FPD": 0.2113758623600006, "ASH": 0.7625678777694702, "bf": 0.9748470783233643}
{"FP": 0.979173481464386, "FPD": 0.190476194024086, "ASH": 0.8034223914146423, "bf": 0.9731208086013794}
{"FP": 0.9802524447441101, "FPD": 0.1599702388048172, "ASH": 0.8155435919761658, "bf": 0.9732942581176758}
{"FP": 0.9819387793540955, "FPD": 0.20909646153450012, "ASH": 0.8400809168815613, "bf": 0.9776611328125}
{"FP": 0.9839960932731628, "FPD": 0.17289486527442932, "ASH": 0.8005516529083252, "bf": 0.9790760278701782}
{"FP": 0.9845797419548035, "FPD": 0.19265033304691315, "ASH": 0.8409121632575989, "bf": 0.9802418351173401}
{"FP": 0.982829213142395, "FPD": 0.1875, "ASH": 0.8543103933334351, "bf": 0.9792622327804565}
{"FP": 0.9830161333084106, "FPD": 0.20230360329151154, "ASH": 0.8565925359725952, "bf": 0.9789080023765564}
{"FP": 0.9843007326126099, "FPD": 0.20907418429851532, "ASH": 0.8450340032577515, "bf": 0.978351354598999}
{"FP": 0.9798821210861206, "FPD": 0.17862755060195923, "ASH": 0.8498015403747559, "bf": 0.9792913794517517}
{"FP": 0.9843672513961792, "FPD": 0.18006263673305511, "ASH": 0.8239558935165405, "bf": 0.978063702583313}
{"FP": 0.9838579893112183, "FPD": 0.19532130658626556, "ASH": 0.8548983335494995, "bf": 0.980192244052887}
{"FP": 0.9823791980743408, "FPD": 0.2150031328201294, "ASH": 0.8462240099906921, "bf": 0.978717029094696}
{"FP": 0.980562686920166, "FPD": 0.2107120007276535, "ASH": 0.8499879837036133, "bf": 0.9801682233810425}
{"FP": 0.9840415120124817, "FPD": 0.19427287578582764, "ASH": 0.8598677515983582, "bf": 0.9807502031326294}
{"FP": 0.9799337983131409, "FPD": 0.20307596027851105, "ASH": 0.8500155210494995, "bf": 0.978557825088501}
{"FP": 0.9835052490234375, "FPD": 0.18930715322494507, "ASH": 0.8487963676452637, "bf": 0.9786428809165955}
{"FP": 0.9845782518386841, "FPD": 0.17623159289360046, "ASH": 0.8447033166885376, "bf": 0.9807702898979187}
{"FP": 0.9832180142402649, "FPD": 0.20563797652721405, "ASH": 0.8582726716995239, "bf": 0.9794949293136597}
{"FP": 0.9809467792510986, "FPD": 0.22912423312664032, "ASH": 0.865650475025177, "bf": 0.9802823066711426}
{"FP": 0.982549786567688, "FPD": 0.18301688134670258, "ASH": 0.8432196378707886, "bf": 0.9801337718963623}
{"FP": 0.9828737378120422, "FPD": 0.1831134557723999, "ASH": 0.8534529209136963, "bf": 0.9791767001152039}
{"FP": 0.9743186831474304, "FPD": 0.1677572876214981, "ASH": 0.8395912051200867, "bf": 0.9774467349052429}
{"FP": 0.9767432808876038, "FPD": 0.2030201405286789, "ASH": 0.8450700640678406, "bf": 0.9781884551048279}
{"FP": 0.9746154546737671, "FPD": 0.17666666209697723, "ASH": 0.851275622844696, "bf": 0.9800703525543213}
{"FP": 0.9817600250244141, "FPD": 0.19731581211090088, "ASH": 0.8453909754753113, "bf": 0.9791759252548218}
{"FP": 0.9843655824661255, "FPD": 0.20982412993907928, "ASH": 0.8520152568817139, "bf": 0.9792441129684448}
{"FP": 0.9835442900657654, "FPD": 0.19516310095787048, "ASH": 0.8493580222129822, "bf": 0.9792343974113464}
{"FP": 0.98368901014328, "FPD": 0.19592298567295074, "ASH": 0.8574367761611938, "bf": 0.9789408445358276}
{"FP": 0.9809863567352295, "FPD": 0.20954743027687073, "ASH": 0.8692929744720459, "bf": 0.9795598387718201}
{"FP": 0.9836050271987915, "FPD": 0.20648258924484253, "ASH": 0.8468155860900879, "bf": 0.9790289402008057}
{"FP": 0.9839868545532227, "FPD": 0.18301688134670258, "ASH": 0.8554312586784363, "bf": 0.9803647398948669}
{"FP": 0.9837723970413208, "FPD": 0.19213607907295227, "ASH": 0.8497433662414551, "bf": 0.9801572561264038}
{"FP": 0.9819422960281372, "FPD": 0.1924181431531906, "ASH": 0.85431307554245, "bf": 0.979335606098175}
{"FP": 0.9827264547348022, "FPD": 0.20693780481815338, "ASH": 0.8709362745285034, "bf": 0.980737566947937}
{"FP": 0.9838077425956726, "FPD": 0.2091020941734314, "ASH": 0.8628306984901428, "bf": 0.9797573089599609}
{"FP": 0.9831881523132324, "FPD": 0.1994134932756424, "ASH": 0.8531770706176758, "bf": 0.9786786437034607}
{"FP": 0.9809187054634094, "FPD": 0.1537439078092575, "ASH": 0.8742823600769043,