{"FP": 0.0, "FPD": 0.0, "ASH": 0.0, "bf": 0.0}
{"FP": 0.0, "FPD": 0.0, "ASH": 0.0, "bf": 0.0}
{"FP": 0.0, "FPD": 0.0, "ASH": 0.0, "bf": 0.0}
{"FP": 0.0, "FPD": 0.0, "ASH": 0.0, "bf": 0.0}
{"FP": 0.04374593868851662, "FPD": 0.0, "ASH": 0.0, "bf": 0.0}
{"FP": 0.2912396788597107, "FPD": 0.0, "ASH": 0.0, "bf": 0.0}
{"FP": 0.3075072765350342, "FPD": 0.0, "ASH": 0.0, "bf": 0.0}
{"FP": 0.310525119304657, "FPD": 0.0, "ASH": 0.0, "bf": 0.0}
{"FP": 0.32860130071640015, "FPD": 0.0, "ASH": 0.0, "bf": 0.01030279602855444}
{"FP": 0.3250412344932556, "FPD": 0.0, "ASH": 0.01825205609202385, "bf": 0.24001997709274292}
{"FP": 0.3249377906322479, "FPD": 0.0, "ASH": 0.12769745290279388, "bf": 0.46154314279556274}
{"FP": 0.7961258888244629, "FPD": 0.0, "ASH": 0.7473177909851074, "bf": 0.8906115889549255}
{"FP": 0.8148447275161743, "FPD": 0.0, "ASH": 0.4434581995010376, "bf": 0.9217482805252075}
{"FP": 0.7709445953369141, "FPD": 0.0, "ASH": 0.6399162411689758, "bf": 0.9255342483520508}
{"FP": 0.797087550163269, "FPD": 0.0, "ASH": 0.686111569404602, "bf": 0.9444358348846436}
{"FP": 0.958329439163208, "FPD": 0.0, "ASH": 0.7740758657455444, "bf": 0.9535613059997559}
{"FP": 0.9574804306030273, "FPD": 0.0, "ASH": 0.7692395448684692, "bf": 0.958698570728302}
{"FP": 0.9607356786727905, "FPD": 0.0, "ASH": 0.7457680106163025, "bf": 0.9580041170120239}
{"FP": 0.9577112197875977, "FPD": 0.0, "ASH": 0.8135843276977539, "bf": 0.9674826860427856}
{"FP": 0.9782604575157166, "FPD": 0.0, "ASH": 0.7402554750442505, "bf": 0.9694633483886719}
{"FP": 0.8293129205703735, "FPD": 0.0, "ASH": 0.7368301153182983, "bf": 0.7693504095077515}
{"FP": 0.963342010974884, "FPD": 0.0, "ASH": 0.8168520927429199, "bf": 0.9676821231842041}
{"FP": 0.9701352119445801, "FPD": 0.0, "ASH": 0.7764315605163574, "bf": 0.9563730955123901}
{"FP": 0.9692264795303345, "FPD": 0.0, "ASH": 0.7874369025230408, "bf": 0.9695783853530884}
{"FP": 0.9716850519180298, "FPD": 0.0, "ASH": 0.7597171068191528, "bf": 0.9716494083404541}
{"FP": 0.9703085422515869, "FPD": 0.0, "ASH": 0.7909055948257446, "bf": 0.9762998223304749}
{"FP": 0.9667373895645142, "FPD": 0.0, "ASH": 0.7731232643127441, "bf": 0.977048397064209}
{"FP": 0.976997435092926, "FPD": 0.0, "ASH": 0.7903567552566528, "bf": 0.9781976342201233}
{"FP": 0.9774831533432007, "FPD": 0.0, "ASH": 0.8024337291717529, "bf": 0.9789395928382874}
{"FP": 0.9768723249435425, "FPD": 0.0, "ASH": 0.8062015175819397, "bf": 0.978257954120636}
{"FP": 0.9822016954421997, "FPD": 0.0, "ASH": 0.8154938220977783, "bf": 0.9791834354400635}
{"FP": 0.9810938239097595, "FPD": 0.0, "ASH": 0.7645479440689087, "bf": 0.979041576385498}
{"FP": 0.9845386743545532, "FPD": 0.0, "ASH": 0.779392421245575, "bf": 0.9792698621749878}
{"FP": 0.9824869632720947, "FPD": 0.22319698333740234, "ASH": 0.7772684097290039, "bf": 0.9792718887329102}
{"FP": 0.9843964576721191, "FPD": 0.6018674373626709, "ASH": 0.7984240055084229, "bf": 0.9800239205360413}
{"FP": 0.982580840587616, "FPD": 0.7206283211708069, "ASH": 0.8033224940299988, "bf": 0.9804438352584839}
{"FP": 0.9812692403793335, "FPD": 0.6356268525123596, "ASH": 0.8222935199737549, "bf": 0.979557991027832}
{"FP": 0.9838775992393494, "FPD": 0.7730897068977356, "ASH": 0.8067843914031982, "bf": 0.9789600372314453}
{"FP": 0.9801568984985352, "FPD": 0.7932121753692627, "ASH": 0.8202706575393677, "bf": 0.9793332815170288}
{"FP": 0.9841046333312988, "FPD": 0.8108584880828857, "ASH": 0.8133528232574463, "bf": 0.9802937507629395}
{"FP": 0.9825726747512817, "FPD": 0.7467023730278015, "ASH": 0.8032023906707764, "bf": 0.980845034122467}
{"FP": 0.982154130935669, "FPD": 0.7417787313461304, "ASH": 0.8138400912284851, "bf": 0.9810703992843628}
{"FP": 0.9837413430213928, "FPD": 0.7915673851966858, "ASH": 0.8011730313301086, "bf": 0.9809942245483398}
{"FP": 0.9829620718955994, "FPD": 0.7617188692092896, "ASH": 0.8064426183700562, "bf": 0.979698121547699}
{"FP": 0.9838035106658936, "FPD": 0.8015320301055908, "ASH": 0.8029981851577759, "bf": 0.9798545837402344}
{"FP": 0.9830716848373413, "FPD": 0.798926055431366, "ASH": 0.7546987533569336, "bf": 0.9780251383781433}
{"FP": 0.9829725623130798, "FPD": 0.8187474012374878, "ASH": 0.8089156150817871, "bf": 0.9791528582572937}
{"FP": 0.9815714955329895, "FPD": 0.8250458240509033, "ASH": 0.8177393674850464, "bf": 0.9799265265464783}
{"FP": 0.9818217158317566, "FPD": 0.8063864707946777, "ASH": 0.778500497341156, "bf": 0.9800243973731995}
{"FP": 0.9852087497711182, "FPD": 0.773385763168335, "ASH": 0.8124756217002869, "bf": 0.9787358641624451}
{"FP": 0.9765878915786743, "FPD": 0.6156034469604492, "ASH": 0.7885361313819885, "bf": 0.9764013886451721}
{"FP": 0.9837037920951843, "FPD": 0.7491320371627808, "ASH": 0.8086568117141724, "bf": 0.9772587418556213}
{"FP": 0.9811545610427856, "FPD": 0.7566063404083252, "ASH": 0.7938607931137085, "bf": 0.976300835609436}
{"FP": 0.9833292961120605, "FPD": 0.8269908428192139, "ASH": 0.8146705627441406, "bf": 0.9760967493057251}
{"FP": 0.9815595149993896, "FPD": 0.777848482131958, "ASH": 0.8147702813148499, "bf": 0.9769712686538696}
{"FP": 0.98219895362854, "FPD": 0.7787180542945862, "ASH": 0.8010468482971191, "bf": 0.9759747982025146}
{"FP": 0.9782479405403137, "FPD": 0.7595410346984863, "ASH": 0.8019293546676636, "bf": 0.9788488149642944}
{"FP": 0.9806844592094421, "FPD": 0.761919379234314, "ASH": 0.7973573803901672, "bf": 0.9763410091400146}
