{"FP": 0.0, "FPD": 0.0, "ASH": 0.0, "bf": 0.0}
{"FP": 0.0, "FPD": 0.0, "ASH": 0.0, "bf": 0.0}
{"FP": 6.26448672846891e-06, "FPD": 0.0, "ASH": 0.0, "bf": 0.0}
{"FP": 9.934140689438209e-05, "FPD": 0.0, "ASH": 0.0, "bf": 0.0}
{"FP": 0.03999726474285126, "FPD": 0.0, "ASH": 0.0, "bf": 0.0}
{"FP": 0.290840208530426, "FPD": 0.0, "ASH": 0.0, "bf": 0.0}
{"FP": 0.3091069459915161, "FPD": 0.0, "ASH": 0.0, "bf": 0.0}
{"FP": 0.3113863170146942, "FPD": 0.0, "ASH": 0.0, "bf": 0.0011546625755727291}
{"FP": 0.33110401034355164, "FPD": 0.0, "ASH": 0.0, "bf": 0.01762133650481701}
{"FP": 0.33072441816329956, "FPD": 0.0, "ASH": 0.16171450912952423, "bf": 0.2643566429615021}
{"FP": 0.3298131227493286, "FPD": 0.0, "ASH": 0.2310403734445572, "bf": 0.49719324707984924}
{"FP": 0.8335379958152771, "FPD": 0.0, "ASH": 0.7576990127563477, "bf": 0.8880575299263}
{"FP": 0.8485654592514038, "FPD": 0.0, "ASH": 0.4853958189487457, "bf": 0.9271228909492493}
{"FP": 0.7833127975463867, "FPD": 0.0, "ASH": 0.7945607900619507, "bf": 0.9354169964790344}
{"FP": 0.8102558255195618, "FPD": 0.0, "ASH": 0.8346103429794312, "bf": 0.9507094621658325}
{"FP": 0.9612928032875061, "FPD": 0.0, "ASH": 0.8132041096687317, "bf": 0.9544252753257751}
{"FP": 0.9546894431114197, "FPD": 0.0, "ASH": 0.834306538105011, "bf": 0.9595892429351807}
{"FP": 0.9598631262779236, "FPD": 0.0, "ASH": 0.7819703817367554, "bf": 0.9526146054267883}
{"FP": 0.9565395712852478, "FPD": 0.0, "ASH": 0.8764129281044006, "bf": 0.9650009274482727}
{"FP": 0.9760376811027527, "FPD": 0.0, "ASH": 0.8396437764167786, "bf": 0.9702321290969849}
{"FP": 0.845022976398468, "FPD": 0.0, "ASH": 0.7838183641433716, "bf": 0.8057334423065186}
{"FP": 0.9703770875930786, "FPD": 0.0, "ASH": 0.8210257887840271, "bf": 0.9651385545730591}
{"FP": 0.9710336327552795, "FPD": 0.0, "ASH": 0.8626158833503723, "bf": 0.9580876231193542}
{"FP": 0.9730359315872192, "FPD": 0.0, "ASH": 0.8649279475212097, "bf": 0.9691713452339172}
{"FP": 0.9700326919555664, "FPD": 0.0, "ASH": 0.8838252425193787, "bf": 0.972754180431366}
{"FP": 0.9706808924674988, "FPD": 0.0, "ASH": 0.8835007548332214, "bf": 0.9778193235397339}
{"FP": 0.9663740992546082, "FPD": 0.0, "ASH": 0.8714802265167236, "bf": 0.9779953360557556}
{"FP": 0.9788575768470764, "FPD": 0.0, "ASH": 0.8881795406341553, "bf": 0.9800969362258911}
{"FP": 0.9785091876983643, "FPD": 0.0, "ASH": 0.9036482572555542, "bf": 0.9801796078681946}
{"FP": 0.9803804755210876, "FPD": 0.0, "ASH": 0.8853598237037659, "bf": 0.9793292284011841}
{"FP": 0.9853928685188293, "FPD": 0.0, "ASH": 0.9003575444221497, "bf": 0.9811293482780457}
{"FP": 0.9835375547409058, "FPD": 0.0, "ASH": 0.9064858555793762, "bf": 0.9836285710334778}
{"FP": 0.98670893907547, "FPD": 0.009924755431711674, "ASH": 0.900682270526886, "bf": 0.9820549488067627}
{"FP": 0.9839957356452942, "FPD": 0.2707062065601349, "ASH": 0.8544124960899353, "bf": 0.9842382073402405}
{"FP": 0.9855964779853821, "FPD": 0.49491697549819946, "ASH": 0.9006388187408447, "bf": 0.9845707416534424}
{"FP": 0.9865778088569641, "FPD": 0.5757085680961609, "ASH": 0.9132308959960938, "bf": 0.9837883710861206}
{"FP": 0.982624351978302, "FPD": 0.5298592448234558, "ASH": 0.8979708552360535, "bf": 0.9824880957603455}
{"FP": 0.9868289232254028, "FPD": 0.61176598072052, "ASH": 0.8878958225250244, "bf": 0.981521725654602}
{"FP": 0.9847831726074219, "FPD": 0.6084470748901367, "ASH": 0.9174074530601501, "bf": 0.9841665625572205}
{"FP": 0.9859251379966736, "FPD": 0.5966548919677734, "ASH": 0.9086199998855591, "bf": 0.98482346534729}
{"FP": 0.9873203635215759, "FPD": 0.6062127947807312, "ASH": 0.9078342914581299, "bf": 0.9841503500938416}
{"FP": 0.9873616099357605, "FPD": 0.6083898544311523, "ASH": 0.9192588925361633, "bf": 0.9854864478111267}
{"FP": 0.9865221381187439, "FPD": 0.6216330528259277, "ASH": 0.9082682132720947, "bf": 0.9854906797409058}
{"FP": 0.9877477288246155, "FPD": 0.6149237155914307, "ASH": 0.910380482673645, "bf": 0.9842934012413025}
{"FP": 0.9889200925827026, "FPD": 0.6219878196716309, "ASH": 0.9259395599365234, "bf": 0.9857481718063354}
{"FP": 0.9862940311431885, "FPD": 0.5901867747306824, "ASH": 0.8830793499946594, "bf": 0.9842601418495178}
{"FP": 0.9875794649124146, "FPD": 0.6031792759895325, "ASH": 0.9292573928833008, "bf": 0.9864563345909119}
{"FP": 0.9864718317985535, "FPD": 0.6242567896842957, "ASH": 0.9269387125968933, "bf": 0.9868578314781189}
{"FP": 0.9859297275543213, "FPD": 0.6152483820915222, "ASH": 0.8960097432136536, "bf": 0.9862936735153198}
{"FP": 0.9882118701934814, "FPD": 0.6001381874084473, "ASH": 0.9249892830848694, "bf": 0.9862256646156311}
{"FP": 0.9812908172607422, "FPD": 0.4868932366371155, "ASH": 0.921136736869812, "bf": 0.9856928586959839}
{"FP": 0.9855464100837708, "FPD": 0.5970542430877686, "ASH": 0.9108937382698059, "bf": 0.9865482449531555}
{"FP": 0.9858335852622986, "FPD": 0.5724332928657532, "ASH": 0.9189566373825073, "bf": 0.9854199290275574}
{"FP": 0.9882572293281555, "FPD": 0.6218011975288391, "ASH": 0.9319713711738586, "bf": 0.9846157431602478}
{"FP": 0.9874951243400574, "FPD": 0.5973092317581177, "ASH": 0.9232044219970703, "bf": 0.9851967692375183}
{"FP": 0.9877405166625977, "FPD": 0.6057746410369873, "ASH": 0.9301770329475403, "bf": 0.985193133354187}
{"FP": 0.985508918762207, "FPD": 0.5792948603630066, "ASH": 0.9272964596748352, "bf": 0.9873225092887878}
{"FP": 0.9855106472969055, "FPD": 0.6197298169136047, "ASH": 0.9166356325149536, "bf": 0.9854598641395569}
