{"FP": 0.0, "FPD": 0.0, "ASH": 0.0, "bf": 0.0}
{"FP": 0.0, "FPD": 0.0, "ASH": 0.0, "bf": 0.0}
{"FP": 0.0, "FPD": 0.0, "ASH": 0.0, "bf": 0.0}
{"FP": 0.0, "FPD": 0.0, "ASH": 0.0, "bf": 0.0}
{"FP": 0.0, "FPD": 0.0, "ASH": 0.0, "bf": 0.0}
{"FP": 0.0, "FPD": 0.0, "ASH": 0.0, "bf": 0.0}
{"FP": 0.0, "FPD": 0.0, "ASH": 0.0, "bf": 0.0}
{"FP": 0.0, "FPD": 0.0, "ASH": 0.0, "bf": 0.0041023241356015205}
{"FP": 0.8086869716644287, "FPD": 0.0, "ASH": 0.03801547363400459, "bf": 0.032431460916996}
{"FP": 0.8178737163543701, "FPD": 0.0, "ASH": 0.03848044201731682, "bf": 0.31876903772354126}
{"FP": 0.8527155518531799, "FPD": 0.0, "ASH": 0.460270494222641, "bf": 0.5490426421165466}
{"FP": 0.8409278988838196, "FPD": 0.0, "ASH": 0.5969205498695374, "bf": 0.8434420228004456}
{"FP": 0.9261905550956726, "FPD": 0.0, "ASH": 0.6831792593002319, "bf": 0.9326867461204529}
{"FP": 0.9364525079727173, "FPD": 0.0, "ASH": 0.711412250995636, "bf": 0.9384490251541138}
{"FP": 0.9513363242149353, "FPD": 0.0, "ASH": 0.7089201211929321, "bf": 0.9430587887763977}
{"FP": 0.9523209929466248, "FPD": 0.0, "ASH": 0.7381194233894348, "bf": 0.9569041728973389}
{"FP": 0.9648633599281311, "FPD": 0.0, "ASH": 0.6793466210365295, "bf": 0.9622974991798401}
{"FP": 0.9557197093963623, "FPD": 0.0, "ASH": 0.7203498482704163, "bf": 0.962041974067688}
{"FP": 0.9711792469024658, "FPD": 0.0, "ASH": 0.7616231441497803, "bf": 0.9638353586196899}
{"FP": 0.9751455783843994, "FPD": 0.0, "ASH": 0.7301238775253296, "bf": 0.9699764847755432}
{"FP": 0.9720653295516968, "FPD": 0.0, "ASH": 0.7628727555274963, "bf": 0.9686934351921082}
{"FP": 0.9777095317840576, "FPD": 0.0, "ASH": 0.7834579348564148, "bf": 0.9677725434303284}
{"FP": 0.9816932678222656, "FPD": 0.0, "ASH": 0.7317047119140625, "bf": 0.9704663753509521}
{"FP": 0.9751392006874084, "FPD": 0.0, "ASH": 0.7709230184555054, "bf": 0.9728916883468628}
{"FP": 0.9776163101196289, "FPD": 0.2394905686378479, "ASH": 0.7330070734024048, "bf": 0.9733045101165771}
{"FP": 0.9809209704399109, "FPD": 0.5268772840499878, "ASH": 0.7809131145477295, "bf": 0.9728403091430664}
{"FP": 0.9782506227493286, "FPD": 0.5140374898910522, "ASH": 0.7878775000572205, "bf": 0.973368227481842}
{"FP": 0.9772636890411377, "FPD": 0.5382141470909119, "ASH": 0.7780489325523376, "bf": 0.9734563231468201}
{"FP": 0.9807283878326416, "FPD": 0.6356725692749023, "ASH": 0.7329169511795044, "bf": 0.9707993865013123}
{"FP": 0.9742699861526489, "FPD": 0.5850534439086914, "ASH": 0.7476527690887451, "bf": 0.9714103937149048}
{"FP": 0.9799395799636841, "FPD": 0.595984160900116, "ASH": 0.7495044469833374, "bf": 0.9728555083274841}
{"FP": 0.9788872003555298, "FPD": 0.5374070405960083, "ASH": 0.7821550369262695, "bf": 0.9723836183547974}
{"FP": 0.9816876649856567, "FPD": 0.6142098903656006, "ASH": 0.7964165210723877, "bf": 0.9712809324264526}
{"FP": 0.9817829728126526, "FPD": 0.6421331167221069, "ASH": 0.7632428407669067, "bf": 0.972488284111023}
{"FP": 0.9801236391067505, "FPD": 0.5801977515220642, "ASH": 0.7564188838005066, "bf": 0.9721996784210205}
{"FP": 0.9830249547958374, "FPD": 0.6058873534202576, "ASH": 0.7525111436843872, "bf": 0.9717725515365601}
{"FP": 0.9802170991897583, "FPD": 0.6267346739768982, "ASH": 0.7434977293014526, "bf": 0.9700590372085571}
{"FP": 0.9788374304771423, "FPD": 0.6003777980804443, "ASH": 0.7726353406906128, "bf": 0.9724199771881104}
{"FP": 0.9808730483055115, "FPD": 0.5991191864013672, "ASH": 0.7662918567657471, "bf": 0.9731857776641846}
{"FP": 0.9822039604187012, "FPD": 0.6216129660606384, "ASH": 0.8037316799163818, "bf": 0.9725215435028076}
{"FP": 0.982935905456543, "FPD": 0.634535014629364, "ASH": 0.7567588090896606, "bf": 0.9717389345169067}
{"FP": 0.982975959777832, "FPD": 0.6379306316375732, "ASH": 0.7495105266571045, "bf": 0.9715016484260559}
{"FP": 0.9828200340270996, "FPD": 0.6469483375549316, "ASH": 0.772342324256897, "bf": 0.9717110395431519}
{"FP": 0.9818542003631592, "FPD": 0.6026073694229126, "ASH": 0.7682556509971619, "bf": 0.9720449447631836}
{"FP": 0.9826563000679016, "FPD": 0.6183468103408813, "ASH": 0.7476407289505005, "bf": 0.9716452360153198}
{"FP": 0.9783076643943787, "FPD": 0.5682960748672485, "ASH": 0.7062670588493347, "bf": 0.9703261852264404}
{"FP": 0.9814910888671875, "FPD": 0.6434307098388672, "ASH": 0.7681296467781067, "bf": 0.9723905324935913}
{"FP": 0.982894241809845, "FPD": 0.6373307704925537, "ASH": 0.7779563665390015, "bf": 0.9720087051391602}
{"FP": 0.981544017791748, "FPD": 0.6475368142127991, "ASH": 0.7541844248771667, "bf": 0.9715263843536377}
{"FP": 0.9842526912689209, "FPD": 0.6442914009094238, "ASH": 0.7474627494812012, "bf": 0.9728295207023621}
{"FP": 0.9834771752357483, "FPD": 0.6398022770881653, "ASH": 0.7624912261962891, "bf": 0.973242998123169}
{"FP": 0.983620285987854, "FPD": 0.6100955605506897, "ASH": 0.776210367679596, "bf": 0.9723718762397766}
{"FP": 0.9783877730369568, "FPD": 0.5825755596160889, "ASH": 0.7286657094955444, "bf": 0.9726470112800598}
{"FP": 0.9802688956260681, "FPD": 0.6390352249145508, "ASH": 0.7869663834571838, "bf": 0.9725862145423889}
{"FP": 0.9812725186347961, "FPD": 0.6098892092704773, "ASH": 0.7489234805107117, "bf": 0.9716386795043945}
{"FP": 0.9836528897285461, "FPD": 0.6042224764823914, "ASH": 0.7195830941200256, "bf": 0.9729523658752441}
{"FP": 0.983965277671814, "FPD": 0.6152474880218506, "ASH": 0.7509194016456604, "bf": 0.9725493788719177}
{"FP": 0.9828782081604004, "FPD": 0.5078133940696716, "ASH": 0.7508825063705444, "bf": 0.9717935919761658}
{"FP": 0.9816304445266724, "FPD": 0.6066331267356873, "ASH": 0.7783545851707458, "bf": 0.9699463844299316}
{"FP": 0.9794043898582458, "FPD": 0.6256880760192871, "ASH": 0.7552676200866699, "bf": 0.970325767993927}
{"FP": 0.9827349185943604, "FPD": 0.5839648246765137, "ASH": 0.7285698056221008, "bf": 0.9711133241653442}
{"FP": 0.9826894998550415, "FPD": 0.6283242106437683, "ASH": 0.7714300751686096, "bf": 0.9713058471679688}
{"FP": 0.9837103486061096, "FPD": 0.6144819855690002, "ASH": 0.7774158716201782, "bf": 0.9711865186691284}
{"FP": 0.9830219149589539, "FPD": 0.6058617830276489, "ASH": 0.7468237280845642, "bf": 0.9714387655258179}
{"FP": 0.9837662577629089, "FPD": 0.6251884698867798, "ASH": 0.7433454394340515, "bf": 0.9723135232925415}
{"FP": 0.9842578768730164, "FPD": 0.6402441263198853, "ASH": 0.7563912868499756, "bf": 0.9730228185653687}
{"FP": 0.983856201171875, "FPD": 0.6559551954269409, "ASH": 0.7484995126724243, "bf": 0.9727692604064941}
{"FP": 0.982802152633667, "FPD": 0.6227689981460571, "ASH": 0.7912704944610596, "bf": 0.973366379737854}
{"FP": 0.9832697510719299, "FPD": 0.5743229985237122, "ASH": 0.7619668841362, "bf": 0.9715466499328613}
{"FP": 0.9818618297576904, "FPD": 0.6189765334129333, "ASH": 0.7845268249511719, "bf": 0.9727921485900879}
{"FP": 0.9819010496139526, "FPD": 0.634501576423645, "ASH": 0.7685635685920715, "bf": 0.9729918837547302}
{"FP": 0.9828903079032898, "FPD": 0.5976327061653137, "ASH": 0.7644702792167664, "bf": 0.9735840559005737}
