{"FP": 0.0, "FPD": 0.0, "ASH": 0.0, "bf": 0.0}
{"FP": 0.0, "FPD": 0.0, "ASH": 0.0, "bf": 0.0}
{"FP": 0.0, "FPD": 0.0, "ASH": 0.0, "bf": 0.0}
{"FP": 0.0, "FPD": 0.0, "ASH": 0.0, "bf": 0.0}
{"FP": 0.0, "FPD": 0.0, "ASH": 0.0, "bf": 0.0}
{"FP": 0.0, "FPD": 0.0, "ASH": 0.0, "bf": 0.0}
{"FP": 0.0, "FPD": 0.0, "ASH": 0.0, "bf": 5.3000625484855846e-05}
{"FP": 0.002130469772964716, "FPD": 0.0, "ASH": 0.0, "bf": 0.003979734610766172}
{"FP": 0.8033518195152283, "FPD": 0.0, "ASH": 0.025509433820843697, "bf": 0.03294481709599495}
{"FP": 0.81279057264328, "FPD": 0.0, "ASH": 0.02954590693116188, "bf": 0.32784947752952576}
{"FP": 0.8384078741073608, "FPD": 0.0, "ASH": 0.39240309596061707, "bf": 0.5489916801452637}
{"FP": 0.8328670263290405, "FPD": 0.0, "ASH": 0.6158785223960876, "bf": 0.8391245007514954}
{"FP": 0.925964891910553, "FPD": 0.0, "ASH": 0.7309325337409973, "bf": 0.9358893632888794}
{"FP": 0.9419589638710022, "FPD": 0.0, "ASH": 0.7549802660942078, "bf": 0.9383984804153442}
{"FP": 0.9540989995002747, "FPD": 0.0, "ASH": 0.7837169766426086, "bf": 0.946532666683197}
{"FP": 0.9530988335609436, "FPD": 0.0, "ASH": 0.8384249210357666, "bf": 0.9617159962654114}
{"FP": 0.9673053026199341, "FPD": 0.0, "ASH": 0.8238519430160522, "bf": 0.9688315987586975}
{"FP": 0.9559808373451233, "FPD": 0.0, "ASH": 0.8655710816383362, "bf": 0.9683693647384644}
{"FP": 0.974524199962616, "FPD": 0.0, "ASH": 0.8699467778205872, "bf": 0.9714539051055908}
{"FP": 0.978992760181427, "FPD": 0.0, "ASH": 0.8876971006393433, "bf": 0.9784215092658997}
{"FP": 0.9759657979011536, "FPD": 0.0, "ASH": 0.8993164896965027, "bf": 0.9770529866218567}
{"FP": 0.9806144833564758, "FPD": 0.0, "ASH": 0.8735583424568176, "bf": 0.9752536416053772}
{"FP": 0.9838213324546814, "FPD": 0.0, "ASH": 0.7671888470649719, "bf": 0.9743208289146423}
{"FP": 0.9778066277503967, "FPD": 0.0, "ASH": 0.8584904670715332, "bf": 0.9784450531005859}
{"FP": 0.9796143770217896, "FPD": 0.3288569450378418, "ASH": 0.8891334533691406, "bf": 0.9810296297073364}
{"FP": 0.9830015301704407, "FPD": 0.5139710307121277, "ASH": 0.8809100389480591, "bf": 0.9807924628257751}
{"FP": 0.9827911853790283, "FPD": 0.524966835975647, "ASH": 0.8762429356575012, "bf": 0.9805548191070557}
{"FP": 0.980967104434967, "FPD": 0.5330680012702942, "ASH": 0.8763605356216431, "bf": 0.9806718826293945}
{"FP": 0.9865958094596863, "FPD": 0.642365038394928, "ASH": 0.8841970562934875, "bf": 0.9821215867996216}
{"FP": 0.9778310060501099, "FPD": 0.584743320941925, "ASH": 0.9012549519538879, "bf": 0.9827800393104553}
{"FP": 0.9857215881347656, "FPD": 0.6266025900840759, "ASH": 0.8476603627204895, "bf": 0.9823641180992126}
{"FP": 0.9847344160079956, "FPD": 0.5744835138320923, "ASH": 0.888028085231781, "bf": 0.9819451570510864}
{"FP": 0.9857162833213806, "FPD": 0.6193520426750183, "ASH": 0.9103816151618958, "bf": 0.9805102944374084}
{"FP": 0.9880659580230713, "FPD": 0.6349107027053833, "ASH": 0.9175786972045898, "bf": 0.9827411770820618}
{"FP": 0.9840115308761597, "FPD": 0.6243379712104797, "ASH": 0.9221819639205933, "bf": 0.9841282963752747}
{"FP": 0.9889323115348816, "FPD": 0.6473224759101868, "ASH": 0.9145306348800659, "bf": 0.9851429462432861}
{"FP": 0.9845375418663025, "FPD": 0.6131595373153687, "ASH": 0.9006409049034119, "bf": 0.984364926815033}
{"FP": 0.9850849509239197, "FPD": 0.6044683456420898, "ASH": 0.9280601143836975, "bf": 0.9855595827102661}
{"FP": 0.9878302812576294, "FPD": 0.6230530738830566, "ASH": 0.9108180999755859, "bf": 0.9848515391349792}
{"FP": 0.989020049571991, "FPD": 0.669762909412384, "ASH": 0.9028061628341675, "bf": 0.9846755266189575}
{"FP": 0.9893050789833069, "FPD": 0.6699754595756531, "ASH": 0.929607093334198, "bf": 0.9861606955528259}
{"FP": 0.9888184666633606, "FPD": 0.6546990871429443, "ASH": 0.9276612401008606, "bf": 0.984864354133606}
{"FP": 0.9873054623603821, "FPD": 0.654274046421051, "ASH": 0.9169115424156189, "bf": 0.9847896695137024}
{"FP": 0.9865632653236389, "FPD": 0.6542060971260071, "ASH": 0.9248024821281433, "bf": 0.9840079545974731}
{"FP": 0.9882639050483704, "FPD": 0.6616756916046143, "ASH": 0.924067497253418, "bf": 0.9845256805419922}
{"FP": 0.9847393035888672, "FPD": 0.6251997351646423, "ASH": 0.9107282757759094, "bf": 0.986287534236908}
{"FP": 0.9879857301712036, "FPD": 0.6715584397315979, "ASH": 0.9204820990562439, "bf": 0.9866602420806885}
{"FP": 0.9904654026031494, "FPD": 0.6678720116615295, "ASH": 0.9282720685005188, "bf": 0.9858626127243042}
{"FP": 0.9886730313301086, "FPD": 0.66460782289505, "ASH": 0.9276224970817566, "bf": 0.9860831499099731}
{"FP": 0.990940511226654, "FPD": 0.6661164164543152, "ASH": 0.9311552047729492, "bf": 0.9871139526367188}
{"FP": 0.9890621304512024, "FPD": 0.668422281742096, "ASH": 0.9278034567832947, "bf": 0.9868193864822388}
{"FP": 0.9917231798171997, "FPD": 0.6624374985694885, "ASH": 0.9237999320030212, "bf": 0.987132728099823}
{"FP": 0.9813700914382935, "FPD": 0.6529200077056885, "ASH": 0.9102494120597839, "bf": 0.9872260689735413}
{"FP": 0.9844897389411926, "FPD": 0.6600211262702942, "ASH": 0.9186959862709045, "bf": 0.9863908886909485}
{"FP": 0.9876130223274231, "FPD": 0.6398180723190308, "ASH": 0.9308072328567505, "bf": 0.986765444278717}
{"FP": 0.9886943101882935, "FPD": 0.6568295359611511, "ASH": 0.9163205027580261, "bf": 0.9876764416694641}
{"FP": 0.9896438717842102, "FPD": 0.6624045372009277, "ASH": 0.9358376264572144, "bf": 0.9878207445144653}
{"FP": 0.9893301129341125, "FPD": 0.5879752039909363, "ASH": 0.9311826825141907, "bf": 0.9880204796791077}
{"FP": 0.9908249378204346, "FPD": 0.6726577281951904, "ASH": 0.9361661076545715, "bf": 0.9866617918014526}
{"FP": 0.9862893223762512, "FPD": 0.6780110597610474, "ASH": 0.9231470823287964, "bf": 0.9875748753547668}
{"FP": 0.9916796088218689, "FPD": 0.6556154489517212, "ASH": 0.9278877377510071, "bf": 0.9876776933670044}
{"FP": 0.9908069968223572, "FPD": 0.6884280443191528, "ASH": 0.9363587498664856, "bf": 0.9877869486808777}
{"FP": 0.991266667842865, "FPD": 0.6745848655700684, "ASH": 0.9295302629470825, "bf": 0.9885636568069458}
{"FP": 0.9890369772911072, "FPD": 0.6275933980941772, "ASH": 0.9339004158973694, "bf": 0.98892742395401}
{"FP": 0.9900930523872375, "FPD": 0.6666508913040161, "ASH": 0.9381759762763977, "bf": 0.9880836606025696}
{"FP": 0.9902937412261963, "FPD": 0.6682678461074829, "ASH": 0.9291651844978333, "bf": 0.9867602586746216}
{"FP": 0.98968106508255, "FPD": 0.6805046796798706, "ASH": 0.9325745701789856, "bf": 0.9881780743598938}
{"FP": 0.9876121878623962, "FPD": 0.6550629138946533, "ASH": 0.927953839302063, "bf": 0.9880626797676086}
{"FP": 0.9917046427726746, "FPD": 0.6414239406585693, "ASH": 0.9329954981803894, "bf": 0.9878383278846741}
{"FP": 0.9891709089279175, "FPD": 0.638609766960144, "ASH": 0.9235643744468689, "bf": 0.9873685836791992}
{"FP": 0.9898854494094849, "FPD": 0.6746158599853516, "ASH": 0.9261391758918762, "bf": 0.9876522421836853}
{"FP": 0.9903141856193542, "FPD": 0.654740571975708, "ASH": 0.9365767240524292, "bf": 0.9881357550621033}
