{"FP": 0.0, "FPD": 0.0, "ASH": 0.0, "bf": 0.0}
{"FP": 0.0, "FPD": 0.0, "ASH": 0.0, "bf": 0.0}
{"FP": 0.0, "FPD": 0.0, "ASH": 0.0, "bf": 0.0}
{"FP": 0.0, "FPD": 0.0, "ASH": 0.0, "bf": 0.0}
{"FP": 0.0, "FPD": 0.0, "ASH": 0.0, "bf": 0.0}
{"FP": 0.0, "FPD": 0.0, "ASH": 0.0, "bf": 0.0}
{"FP": 0.0, "FPD": 0.0, "ASH": 0.0, "bf": 0.00018976573483087122}
{"FP": 0.3522545397281647, "FPD": 0.0, "ASH": 0.0, "bf": 0.01917329430580139}
{"FP": 0.6919192671775818, "FPD": 0.0, "ASH": 0.009068618528544903, "bf": 0.0423973873257637}
{"FP": 0.8427948951721191, "FPD": 0.0, "ASH": 0.30166685581207275, "bf": 0.20015239715576172}
{"FP": 0.9177507162094116, "FPD": 0.0, "ASH": 0.5589129328727722, "bf": 0.6950366497039795}
{"FP": 0.9717358350753784, "FPD": 0.0, "ASH": 0.6928242444992065, "bf": 0.9076480269432068}
{"FP": 0.9111460447311401, "FPD": 0.0, "ASH": 0.5342960357666016, "bf": 0.9069309830665588}
{"FP": 0.9464821219444275, "FPD": 0.0, "ASH": 0.6902787685394287, "bf": 0.9398488998413086}
{"FP": 0.9697825908660889, "FPD": 0.0, "ASH": 0.7870404124259949, "bf": 0.9623332619667053}
{"FP": 0.9706159234046936, "FPD": 0.0, "ASH": 0.6869940757751465, "bf": 0.9695308804512024}
{"FP": 0.968397319316864, "FPD": 0.0, "ASH": 0.7485364675521851, "bf": 0.9674686193466187}
{"FP": 0.9700401425361633, "FPD": 0.0, "ASH": 0.7137124538421631, "bf": 0.9683789014816284}
{"FP": 0.9703626036643982, "FPD": 0.0, "ASH": 0.8055669665336609, "bf": 0.9741484522819519}
{"FP": 0.9743850231170654, "FPD": 0.0, "ASH": 0.7569301724433899, "bf": 0.9733855128288269}
{"FP": 0.9765980243682861, "FPD": 0.0, "ASH": 0.776982307434082, "bf": 0.9686564207077026}
{"FP": 0.9779678583145142, "FPD": 0.0, "ASH": 0.8295945525169373, "bf": 0.972771942615509}
{"FP": 0.9773516654968262, "FPD": 0.0, "ASH": 0.8128600120544434, "bf": 0.9760938882827759}
{"FP": 0.9721120595932007, "FPD": 0.0, "ASH": 0.8276936411857605, "bf": 0.9767754077911377}
{"FP": 0.9750275611877441, "FPD": 0.0, "ASH": 0.8099163174629211, "bf": 0.9776290655136108}
{"FP": 0.9781124591827393, "FPD": 0.0, "ASH": 0.812019944190979, "bf": 0.9780846834182739}
{"FP": 0.9777149558067322, "FPD": 0.0, "ASH": 0.8185895085334778, "bf": 0.9781940579414368}
{"FP": 0.9769012928009033, "FPD": 0.0, "ASH": 0.7962915301322937, "bf": 0.9776520729064941}
{"FP": 0.9783149361610413, "FPD": 0.0, "ASH": 0.8120965361595154, "bf": 0.9790675640106201}
{"FP": 0.9767749905586243, "FPD": 0.0, "ASH": 0.8356583714485168, "bf": 0.9783036112785339}
{"FP": 0.973436176776886, "FPD": 0.0, "ASH": 0.793136477470398, "bf": 0.9784853458404541}
{"FP": 0.9773849248886108, "FPD": 0.0, "ASH": 0.7937296032905579, "bf": 0.9757483005523682}
{"FP": 0.9795353412628174, "FPD": 0.0, "ASH": 0.7563241720199585, "bf": 0.9782259464263916}
{"FP": 0.9746237993240356, "FPD": 0.0, "ASH": 0.8308857679367065, "bf": 0.978959858417511}
{"FP": 0.9749183654785156, "FPD": 0.0, "ASH": 0.8199741840362549, "bf": 0.9787324666976929}
{"FP": 0.9723318815231323, "FPD": 0.0, "ASH": 0.8363436460494995, "bf": 0.9778189063072205}
{"FP": 0.9786198139190674, "FPD": 0.0, "ASH": 0.7947593331336975, "bf": 0.9788148403167725}
{"FP": 0.9736236333847046, "FPD": 0.0, "ASH": 0.7775442004203796, "bf": 0.9777430295944214}
{"FP": 0.9694358110427856, "FPD": 0.0, "ASH": 0.8215945959091187, "bf": 0.9779891967773438}
{"FP": 0.9759162664413452, "FPD": 0.0, "ASH": 0.4070379137992859, "bf": 0.9641497135162354}
{"FP": 0.9730725288391113, "FPD": 0.0, "ASH": 0.7540202140808105, "bf": 0.9788092374801636}
{"FP": 0.9769351482391357, "FPD": 0.0, "ASH": 0.7878590822219849, "bf": 0.978337824344635}
{"FP": 0.9738004207611084, "FPD": 0.0, "ASH": 0.8323516845703125, "bf": 0.976443886756897}
{"FP": 0.9800176620483398, "FPD": 0.0021540536545217037, "ASH": 0.7686451077461243, "bf": 0.9788239002227783}
{"FP": 0.9783589839935303, "FPD": 0.3868088722229004, "ASH": 0.7893008589744568, "bf": 0.9786593317985535}
{"FP": 0.9814137816429138, "FPD": 0.44860297441482544, "ASH": 0.7691744565963745, "bf": 0.9789039492607117}
{"FP": 0.9716996550559998, "FPD": 0.4218152165412903, "ASH": 0.8337936401367188, "bf": 0.9787402749061584}
{"FP": 0.9785733222961426, "FPD": 0.428363561630249, "ASH": 0.8337768912315369, "bf": 0.9787275195121765}
{"FP": 0.9755192995071411, "FPD": 0.40465047955513, "ASH": 0.8411429524421692, "bf": 0.9776718616485596}
{"FP": 0.974405825138092, "FPD": 0.38762927055358887, "ASH": 0.82911616563797, "bf": 0.9793065190315247}
{"FP": 0.9802131652832031, "FPD": 0.415843665599823, "ASH": 0.834456741809845, "bf": 0.9789227247238159}
{"FP": 0.9738559126853943, "FPD": 0.45492711663246155, "ASH": 0.8320714235305786, "bf": 0.9785693883895874}
{"FP": 0.9737988114356995, "FPD": 0.45376574993133545, "ASH": 0.8271721601486206, "bf": 0.9783248901367188}
{"FP": 0.9701992273330688, "FPD": 0.42025044560432434, "ASH": 0.8007767200469971, "bf": 0.9789321422576904}
{"FP": 0.97792649269104, "FPD": 0.4468901455402374, "ASH": 0.8497974276542664, "bf": 0.9798516631126404}
{"FP": 0.9793869256973267, "FPD": 0.4775075316429138, "ASH": 0.8068084716796875, "bf": 0.9795697927474976}
{"FP": 0.9775166511535645, "FPD": 0.4528248906135559, "ASH": 0.8391428589820862, "bf": 0.9796477556228638}
{"FP": 0.9784853458404541, "FPD": 0.49976202845573425, "ASH": 0.8414322733879089, "bf": 0.9786377549171448}
{"FP": 0.9789173603057861, "FPD": 0.47113239765167236, "ASH": 0.8275721669197083, "bf": 0.979373574256897}
{"FP": 0.9770702123641968, "FPD": 0.41782382130622864, "ASH": 0.7916213870048523, "bf": 0.9785273671150208}
{"FP": 0.9765509366989136, "FPD": 0.4278441071510315, "ASH": 0.7892940640449524, "bf": 0.9784610867500305}
{"FP": 0.9756805300712585, "FPD": 0.43159908056259155, "ASH": 0.7493269443511963, "bf": 0.9772822260856628}
{"FP": 0.9799519181251526, "FPD": 0.5481724739074707, "ASH": 0.8098804950714111, "bf": 0.9788945317268372}
{"FP": 0.9825353622436523, "FPD": 0.5307024121284485, "ASH": 0.8324341773986816, "bf": 0.9781917333602905}
{"FP": 0.9802980422973633, "FPD": 0.4475175142288208, "ASH": 0.8243434429168701, "bf": 0.9798291921615601}
{"FP": 0.9811286330223083, "FPD": 0.4384876489639282, "ASH": 0.8049004077911377, "bf": 0.9784677028656006}
{"FP": 0.9802896976470947, "FPD": 0.44617903232574463, "ASH": 0.766715407371521, "bf": 0.97898930311203}
{"FP": 0.9797682166099548, "FPD": 0.43623924255371094, "ASH": 0.8241952657699585, "bf": 0.9785716533660889}
{"FP": 0.9784456491470337, "FPD": 0.4562123417854309, "ASH": 0.8254405856132507, "bf": 0.9791049957275391}
{"FP": 0.9784703850746155, "FPD": 0.4461050033569336, "ASH": 0.8412277698516846, "bf": 0.9800711870193481}
{"FP": 0.9816628694534302, "FPD": 0.569186806678772, "ASH": 0.8231992721557617, "bf": 0.9796159267425537}
{"FP": 0.9755678176879883, "FPD": 0.19255214929580688, "ASH": 0.625796914100647, "bf": 0.8916500210762024}
{"FP": 0.8550429940223694, "FPD": 0.42106860876083374, "ASH": 0.4511454701423645, "bf": 0.8402951955795288}
{"FP": 0.7508703470230103, "FPD": 0.41258513927459717, "ASH": 0.33076080679893494, "bf": 0.7682561874389648}
{"FP": 0.9552863836288452, "FPD": 0.4258211851119995, "ASH": 0.585776150226593, "bf": 0.9453731179237366}
{"FP": 0.9651284217834473, "FPD": 0.4470043182373047, "ASH": 0.6730613112449646, "bf": 0.9549870491027832}
{"FP": 0.9746193289756775, "FPD": 0.42732471227645874, "ASH": 0.8027222156524658, "bf": 0.9722723960876465}
{"FP": 0.9777982234954834, "FPD": 0.42151981592178345, "ASH": 0.8256452083587646, "bf": 0.9757157564163208}
{"FP": 0.9799810647964478, "FPD": 0.4243753254413605, "ASH": 0.83846116065979, "bf": 0.9738925695419312}
