{"FP": 0.0, "FPD": 0.0, "ASH": 0.0, "bf": 0.0}
{"FP": 0.0, "FPD": 0.0, "ASH": 0.0, "bf": 0.0}
{"FP": 0.0, "FPD": 0.0, "ASH": 0.0, "bf": 0.0}
{"FP": 0.0, "FPD": 0.0, "ASH": 0.0, "bf": 0.0}
{"FP": 0.00012883471208624542, "FPD": 0.0, "ASH": 0.0, "bf": 0.0}
{"FP": 5.408390734373825e-06, "FPD": 0.0, "ASH": 0.0, "bf": 0.0}
{"FP": 0.000579078565351665, "FPD": 0.0, "ASH": 0.0, "bf": 0.0010739739518612623}
{"FP": 0.37303364276885986, "FPD": 0.0, "ASH": 0.0, "bf": 0.025927364826202393}
{"FP": 0.7190837264060974, "FPD": 0.0, "ASH": 0.01123536005616188, "bf": 0.04866523668169975}
{"FP": 0.870978593826294, "FPD": 0.0, "ASH": 0.2245883196592331, "bf": 0.22068792581558228}
{"FP": 0.9290387034416199, "FPD": 0.0, "ASH": 0.47992050647735596, "bf": 0.7205546498298645}
{"FP": 0.9734649658203125, "FPD": 0.0, "ASH": 0.668927013874054, "bf": 0.9173277020454407}
{"FP": 0.9297448396682739, "FPD": 0.0, "ASH": 0.6236357092857361, "bf": 0.9149025678634644}
{"FP": 0.9513165354728699, "FPD": 0.0, "ASH": 0.7811883091926575, "bf": 0.9433708190917969}
{"FP": 0.975870668888092, "FPD": 0.0, "ASH": 0.8064496517181396, "bf": 0.963189423084259}
{"FP": 0.9751366376876831, "FPD": 0.0, "ASH": 0.7729188799858093, "bf": 0.9709630608558655}
{"FP": 0.9743661880493164, "FPD": 0.0, "ASH": 0.809812068939209, "bf": 0.9674626588821411}
{"FP": 0.9761683344841003, "FPD": 0.0, "ASH": 0.8346070647239685, "bf": 0.9711995720863342}
{"FP": 0.9766228199005127, "FPD": 0.0, "ASH": 0.8134883046150208, "bf": 0.9753427505493164}
{"FP": 0.9808740615844727, "FPD": 0.0, "ASH": 0.8321365714073181, "bf": 0.9759542942047119}
{"FP": 0.9854057431221008, "FPD": 0.0, "ASH": 0.8665491342544556, "bf": 0.9709322452545166}
{"FP": 0.9840514063835144, "FPD": 0.0, "ASH": 0.8865678906440735, "bf": 0.9771514534950256}
{"FP": 0.9841727018356323, "FPD": 0.0, "ASH": 0.8543741703033447, "bf": 0.9800439476966858}
{"FP": 0.980292558670044, "FPD": 0.0, "ASH": 0.9058205485343933, "bf": 0.980312168598175}
{"FP": 0.9842263460159302, "FPD": 0.0, "ASH": 0.8865259885787964, "bf": 0.9817869663238525}
{"FP": 0.9864489436149597, "FPD": 0.0, "ASH": 0.8985857367515564, "bf": 0.9821869730949402}
{"FP": 0.9862520694732666, "FPD": 0.0, "ASH": 0.9031521677970886, "bf": 0.9833491444587708}
{"FP": 0.9880102872848511, "FPD": 0.0, "ASH": 0.9053010940551758, "bf": 0.9834767580032349}
{"FP": 0.9870211482048035, "FPD": 0.0, "ASH": 0.9046037793159485, "bf": 0.9841218590736389}
{"FP": 0.9871615171432495, "FPD": 0.0, "ASH": 0.9163891673088074, "bf": 0.9843019843101501}
{"FP": 0.976902425289154, "FPD": 0.0, "ASH": 0.9049185514450073, "bf": 0.9840578436851501}
{"FP": 0.9815689921379089, "FPD": 0.0, "ASH": 0.8901833295822144, "bf": 0.9795034527778625}
{"FP": 0.9865515828132629, "FPD": 0.0, "ASH": 0.8779338002204895, "bf": 0.9845154881477356}
{"FP": 0.9852837324142456, "FPD": 0.0, "ASH": 0.9067400097846985, "bf": 0.9822409749031067}
{"FP": 0.988109290599823, "FPD": 0.0, "ASH": 0.9229897260665894, "bf": 0.9841510057449341}
{"FP": 0.985922634601593, "FPD": 0.0, "ASH": 0.8998749852180481, "bf": 0.984624445438385}
{"FP": 0.9846857190132141, "FPD": 0.0, "ASH": 0.9134591221809387, "bf": 0.9834926724433899}
{"FP": 0.9839717149734497, "FPD": 0.0, "ASH": 0.8797723650932312, "bf": 0.9836084842681885}
{"FP": 0.9803078770637512, "FPD": 0.0, "ASH": 0.8633505702018738, "bf": 0.9834266304969788}
{"FP": 0.9827330708503723, "FPD": 0.0, "ASH": 0.5983646512031555, "bf": 0.9693499803543091}
{"FP": 0.9801563620567322, "FPD": 0.0, "ASH": 0.8613579273223877, "bf": 0.9830998182296753}
{"FP": 0.9795036315917969, "FPD": 0.0, "ASH": 0.8344833850860596, "bf": 0.9816232323646545}
{"FP": 0.9849174618721008, "FPD": 0.0, "ASH": 0.8957503437995911, "bf": 0.9806810021400452}
{"FP": 0.9867457151412964, "FPD": 0.0036730212159454823, "ASH": 0.891407310962677, "bf": 0.9834592938423157}
{"FP": 0.9865747094154358, "FPD": 0.5490538477897644, "ASH": 0.9086149334907532, "bf": 0.9851366877555847}
{"FP": 0.9874456524848938, "FPD": 0.6105805039405823, "ASH": 0.8906776905059814, "bf": 0.9852590560913086}
{"FP": 0.9833649396896362, "FPD": 0.586363673210144, "ASH": 0.9045938849449158, "bf": 0.9858776926994324}
{"FP": 0.9884872436523438, "FPD": 0.6221135854721069, "ASH": 0.9064276218414307, "bf": 0.985626220703125}
{"FP": 0.9872507452964783, "FPD": 0.6035768985748291, "ASH": 0.9162362217903137, "bf": 0.986261248588562}
{"FP": 0.9869422912597656, "FPD": 0.5697731375694275, "ASH": 0.8950708508491516, "bf": 0.9868243336677551}
{"FP": 0.9897737503051758, "FPD": 0.6246159672737122, "ASH": 0.9197888970375061, "bf": 0.9874226450920105}
{"FP": 0.9845989942550659, "FPD": 0.6332172155380249, "ASH": 0.9247857332229614, "bf": 0.9865025281906128}
{"FP": 0.9823490977287292, "FPD": 0.6526768803596497, "ASH": 0.9218481779098511, "bf": 0.9856834411621094}
{"FP": 0.9777840375900269, "FPD": 0.6225128173828125, "ASH": 0.9291210174560547, "bf": 0.9870569705963135}
{"FP": 0.9898025989532471, "FPD": 0.6517987251281738, "ASH": 0.931659996509552, "bf": 0.987040638923645}
{"FP": 0.9897414445877075, "FPD": 0.6357048749923706, "ASH": 0.9261296391487122, "bf": 0.9880073666572571}
{"FP": 0.9899033308029175, "FPD": 0.6554949879646301, "ASH": 0.9255712628364563, "bf": 0.9877605438232422}
{"FP": 0.9873189926147461, "FPD": 0.6127508282661438, "ASH": 0.9187586307525635, "bf": 0.9878790974617004}
{"FP": 0.9891428351402283, "FPD": 0.608535885810852, "ASH": 0.9326027631759644, "bf": 0.9882611036300659}
{"FP": 0.9889970421791077, "FPD": 0.6422837376594543, "ASH": 0.9249007105827332, "bf": 0.9885338544845581}
{"FP": 0.9890173673629761, "FPD": 0.6562758684158325, "ASH": 0.924488365650177, "bf": 0.9875688552856445}
{"FP": 0.9892920255661011, "FPD": 0.6631141901016235, "ASH": 0.9197380542755127, "bf": 0.9865747094154358}
{"FP": 0.9894636273384094, "FPD": 0.5998986959457397, "ASH": 0.9352650046348572, "bf": 0.9885523319244385}
{"FP": 0.9891430735588074, "FPD": 0.6471158266067505, "ASH": 0.9119980335235596, "bf": 0.9867339730262756}
{"FP": 0.9907015562057495, "FPD": 0.6485055088996887, "ASH": 0.9290001392364502, "bf": 0.9875233769416809}
{"FP": 0.990922212600708, "FPD": 0.6315983533859253, "ASH": 0.9345200657844543, "bf": 0.9880074262619019}
{"FP": 0.990071713924408, "FPD": 0.6713716983795166, "ASH": 0.923803985118866, "bf": 0.9879317879676819}
{"FP": 0.9883750081062317, "FPD": 0.6527738571166992, "ASH": 0.9387204051017761, "bf": 0.9885593056678772}
{"FP": 0.991144597530365, "FPD": 0.6620327234268188, "ASH": 0.9285297393798828, "bf": 0.9893764853477478}
{"FP": 0.989338755607605, "FPD": 0.6532397866249084, "ASH": 0.9307971596717834, "bf": 0.9893444776535034}
{"FP": 0.9895557761192322, "FPD": 0.607335090637207, "ASH": 0.934799075126648, "bf": 0.9893850684165955}
{"FP": 0.9770042896270752, "FPD": 0.3289882242679596, "ASH": 0.7675071954727173, "bf": 0.9297967553138733}
{"FP": 0.8551405668258667, "FPD": 0.587726891040802, "ASH": 0.5837925672531128, "bf": 0.8823715448379517}
{"FP": 0.7494837045669556, "FPD": 0.4690355360507965, "ASH": 0.4200601875782013, "bf": 0.8100067973136902}
{"FP": 0.9543617963790894, "FPD": 0.5740889310836792, "ASH": 0.6314312815666199, "bf": 0.9415096640586853}
{"FP": 0.9605500102043152, "FPD": 0.5682178735733032, "ASH": 0.7945554256439209, "bf": 0.9550357460975647}
{"FP": 0.9792571663856506, "FPD": 0.5869325995445251, "ASH": 0.872752845287323, "bf": 0.9792860150337219}
{"FP": 0.9843060374259949, "FPD": 0.5961741209030151, "ASH": 0.8830607533454895, "bf": 0.9816677570343018}
{"FP": 0.9843142628669739, "FPD": 0.5996120572090149, "ASH": 0.9084932804107666, "bf": 0.9809367060661316}
