{"FP": 0.0, "FPD": 0.0001354646374238655, "ASH": 0.0, "bf": 0.001191785093396902}
{"FP": 0.335025429725647, "FPD": 0.0, "ASH": 0.0, "bf": 0.10299458354711533}
{"FP": 0.19308717548847198, "FPD": 0.0, "ASH": 0.0, "bf": 0.0}
{"FP": 0.20284289121627808, "FPD": 0.0, "ASH": 0.0, "bf": 0.0}
{"FP": 0.2784114480018616, "FPD": 0.0, "ASH": 0.0, "bf": 0.0}
{"FP": 0.32148823142051697, "FPD": 0.0, "ASH": 0.0, "bf": 0.0}
{"FP": 0.0, "FPD": 0.0, "ASH": 0.0, "bf": 0.0}
{"FP": 0.0, "FPD": 0.0, "ASH": 0.0, "bf": 0.000303386157611385}
{"FP": 0.0, "FPD": 0.0, "ASH": 0.0, "bf": 0.003039364702999592}
{"FP": 0.43332183361053467, "FPD": 0.0, "ASH": 0.003423393238335848, "bf": 0.03609924018383026}
{"FP": 0.43018582463264465, "FPD": 0.0, "ASH": 0.06512705981731415, "bf": 0.3980782628059387}
{"FP": 0.8672248721122742, "FPD": 0.0, "ASH": 0.4836118221282959, "bf": 0.8735011219978333}
{"FP": 0.8874280452728271, "FPD": 0.0, "ASH": 0.4565366208553314, "bf": 0.9201780557632446}
{"FP": 0.8936285376548767, "FPD": 0.0, "ASH": 0.43129605054855347, "bf": 0.920875072479248}
{"FP": 0.924350380897522, "FPD": 0.0, "ASH": 0.6180887222290039, "bf": 0.9454275369644165}
{"FP": 0.9476797580718994, "FPD": 0.0, "ASH": 0.782055675983429, "bf": 0.9516716003417969}
{"FP": 0.9579671621322632, "FPD": 0.0, "ASH": 0.772385835647583, "bf": 0.9585423469543457}
{"FP": 0.9710742235183716, "FPD": 0.0, "ASH": 0.7499595880508423, "bf": 0.9596036672592163}
{"FP": 0.9650608897209167, "FPD": 0.0, "ASH": 0.7644484639167786, "bf": 0.9685080051422119}
{"FP": 0.956161618232727, "FPD": 0.0, "ASH": 0.7875655889511108, "bf": 0.9752166867256165}
{"FP": 0.9588398933410645, "FPD": 0.0, "ASH": 0.77088463306427, "bf": 0.9727972745895386}
{"FP": 0.9617558717727661, "FPD": 0.0, "ASH": 0.7770318388938904, "bf": 0.9712021946907043}
{"FP": 0.9787012338638306, "FPD": 0.0, "ASH": 0.7873333692550659, "bf": 0.971867561340332}
{"FP": 0.9815359711647034, "FPD": 0.0, "ASH": 0.8531957864761353, "bf": 0.9748020172119141}
{"FP": 0.978499710559845, "FPD": 0.0, "ASH": 0.8354178071022034, "bf": 0.9758529663085938}
{"FP": 0.9724365472793579, "FPD": 0.0, "ASH": 0.8335103392601013, "bf": 0.9773465394973755}
{"FP": 0.9779031872749329, "FPD": 0.0, "ASH": 0.8310133218765259, "bf": 0.9755795001983643}
{"FP": 0.9804984331130981, "FPD": 0.0, "ASH": 0.8488062620162964, "bf": 0.9738703966140747}
{"FP": 0.9776321649551392, "FPD": 0.0, "ASH": 0.8356421589851379, "bf": 0.9759803414344788}
{"FP": 0.9799867272377014, "FPD": 0.0, "ASH": 0.8450011610984802, "bf": 0.9762938022613525}
{"FP": 0.9666648507118225, "FPD": 0.0, "ASH": 0.8299848437309265, "bf": 0.9753469228744507}
{"FP": 0.9796491861343384, "FPD": 0.0, "ASH": 0.8406732082366943, "bf": 0.9746646285057068}
{"FP": 0.9737107753753662, "FPD": 0.0, "ASH": 0.7850400805473328, "bf": 0.9737535119056702}
{"FP": 0.9808815717697144, "FPD": 0.0, "ASH": 0.7677706480026245, "bf": 0.9732086658477783}
{"FP": 0.9772294759750366, "FPD": 0.0, "ASH": 0.8240009546279907, "bf": 0.9760811924934387}
{"FP": 0.9793020486831665, "FPD": 0.0, "ASH": 0.8428041338920593, "bf": 0.9758840799331665}
{"FP": 0.977242648601532, "FPD": 0.0, "ASH": 0.8418906927108765, "bf": 0.9757043123245239}
{"FP": 0.9796819686889648, "FPD": 0.0, "ASH": 0.8137093782424927, "bf": 0.9753424525260925}
{"FP": 0.9659373760223389, "FPD": 0.0, "ASH": 0.7721117734909058, "bf": 0.9755954742431641}
{"FP": 0.9776833057403564, "FPD": 0.0, "ASH": 0.8147956132888794, "bf": 0.9748832583427429}
{"FP": 0.9801661968231201, "FPD": 0.0, "ASH": 0.8215852379798889, "bf": 0.9761661887168884}
{"FP": 0.9788920879364014, "FPD": 0.0, "ASH": 0.8018521666526794, "bf": 0.9750882983207703}
{"FP": 0.9789140224456787, "FPD": 0.0, "ASH": 0.8597893714904785, "bf": 0.9756072759628296}
{"FP": 0.982597827911377, "FPD": 0.0, "ASH": 0.8446656465530396, "bf": 0.9783061742782593}
{"FP": 0.9790277481079102, "FPD": 0.0, "ASH": 0.8271327614784241, "bf": 0.9768691062927246}
{"FP": 0.9785339832305908, "FPD": 0.0, "ASH": 0.847262978553772, "bf": 0.9751497507095337}
{"FP": 0.9818226099014282, "FPD": 0.31266939640045166, "ASH": 0.8392542600631714, "bf": 0.9762433767318726}
{"FP": 0.9819216728210449, "FPD": 0.7881669998168945, "ASH": 0.8479248881340027, "bf": 0.9770131707191467}
{"FP": 0.9827787280082703, "FPD": 0.760471522808075, "ASH": 0.8410310745239258, "bf": 0.9766702651977539}
{"FP": 0.9779285788536072, "FPD": 0.8044982552528381, "ASH": 0.8441129922866821, "bf": 0.9769923686981201}
{"FP": 0.9787333011627197, "FPD": 0.7371599078178406, "ASH": 0.8233639001846313, "bf": 0.9764008522033691}
{"FP": 0.9821785092353821, "FPD": 0.8133692145347595, "ASH": 0.8155717849731445, "bf": 0.9761974215507507}
{"FP": 0.9826062321662903, "FPD": 0.8120532035827637, "ASH": 0.846091091632843, "bf": 0.9754964113235474}
{"FP": 0.9716154336929321, "FPD": 0.688170313835144, "ASH": 0.8171841502189636, "bf": 0.9752827882766724}
{"FP": 0.9832457304000854, "FPD": 0.8182458877563477, "ASH": 0.8385658860206604, "bf": 0.9740355014801025}
{"FP": 0.982772171497345, "FPD": 0.8329227566719055, "ASH": 0.8448380827903748, "bf": 0.9776067733764648}
{"FP": 0.9810702800750732, "FPD": 0.8062938451766968, "ASH": 0.8484081625938416, "bf": 0.9774478673934937}
{"FP": 0.9819431900978088, "FPD": 0.8011767268180847, "ASH": 0.8480979204177856, "bf": 0.9761616587638855}
{"FP": 0.9804930686950684, "FPD": 0.8080514073371887, "ASH": 0.8429871797561646, "bf": 0.9765517711639404}
{"FP": 0.9726788401603699, "FPD": 0.7315604090690613, "ASH": 0.8463058471679688, "bf": 0.9754611253738403}
{"FP": 0.9810532331466675, "FPD": 0.7942215800285339, "ASH": 0.8486999273300171, "bf": 0.9761542081832886}
{"FP": 0.9813908934593201, "FPD": 0.7721710801124573, "ASH": 0.854314923286438, "bf": 0.975784420967102}
{"FP": 0.9799196720123291, "FPD": 0.7311878204345703, "ASH": 0.8469492793083191, "bf": 0.9763377904891968}
{"FP": 0.9837027192115784, "FPD": 0.8242639303207397, "ASH": 0.8341801762580872, "bf": 0.9758517742156982}
{"FP": 0.9832648038864136, "FPD": 0.8143548965454102, "ASH": 0.8334854245185852, "bf": 0.9769506454467773}
{"FP": 0.9802102446556091, "FPD": 0.8372635841369629, "ASH": 0.8254985213279724, "bf": 0.9763256311416626}
{"FP": 0.973192572593689, "FPD": 0.8101996183395386, "ASH": 0.828581690788269, "bf": 0.9753537178039551}
