{"FP": 0.0, "FPD": 0.0007708256016485393, "ASH": 0.0, "bf": 0.0004278448468539864}
{"FP": 0.33778873085975647, "FPD": 0.0, "ASH": 0.0, "bf": 0.09440433979034424}
{"FP": 0.19898264110088348, "FPD": 0.0, "ASH": 0.0, "bf": 0.0}
{"FP": 0.21055911481380463, "FPD": 0.0, "ASH": 0.0, "bf": 0.0}
{"FP": 0.2927446961402893, "FPD": 0.0, "ASH": 0.0, "bf": 0.0}
{"FP": 0.3379349410533905, "FPD": 0.0, "ASH": 0.0, "bf": 0.0}
{"FP": 3.5943990951636806e-05, "FPD": 0.0, "ASH": 0.0, "bf": 0.0}
{"FP": 0.0, "FPD": 0.0, "ASH": 0.0, "bf": 8.355004683835432e-05}
{"FP": 1.1598237506404985e-05, "FPD": 0.0, "ASH": 0.00625782972201705, "bf": 0.0018400748958811164}
{"FP": 0.47459307312965393, "FPD": 0.0, "ASH": 0.014477665536105633, "bf": 0.02739342488348484}
{"FP": 0.4789515733718872, "FPD": 0.0, "ASH": 0.0865381732583046, "bf": 0.3783739507198334}
{"FP": 0.8811292052268982, "FPD": 0.0, "ASH": 0.5264670848846436, "bf": 0.8651851415634155}
{"FP": 0.9066746234893799, "FPD": 0.0, "ASH": 0.5190070271492004, "bf": 0.9206836819648743}
{"FP": 0.9211916327476501, "FPD": 0.0, "ASH": 0.48791736364364624, "bf": 0.9255996346473694}
{"FP": 0.934373676776886, "FPD": 0.0, "ASH": 0.6838451027870178, "bf": 0.9519934058189392}
{"FP": 0.9510189890861511, "FPD": 0.0, "ASH": 0.8231735825538635, "bf": 0.9545735120773315}
{"FP": 0.9648280739784241, "FPD": 0.0, "ASH": 0.8229878544807434, "bf": 0.9619696140289307}
{"FP": 0.9794046878814697, "FPD": 0.0, "ASH": 0.8231664896011353, "bf": 0.9628129601478577}
{"FP": 0.9755986332893372, "FPD": 0.0, "ASH": 0.8390156030654907, "bf": 0.9711403250694275}
{"FP": 0.970208466053009, "FPD": 0.0, "ASH": 0.8436976671218872, "bf": 0.9781983494758606}
{"FP": 0.9735461473464966, "FPD": 0.0, "ASH": 0.8296803832054138, "bf": 0.9758938550949097}
{"FP": 0.972884476184845, "FPD": 0.0, "ASH": 0.84691321849823, "bf": 0.9754216074943542}
{"FP": 0.98411625623703, "FPD": 0.0, "ASH": 0.8685876727104187, "bf": 0.9780083894729614}
{"FP": 0.9842281341552734, "FPD": 0.0, "ASH": 0.8985846638679504, "bf": 0.9814673662185669}
{"FP": 0.9832736253738403, "FPD": 0.0, "ASH": 0.893936812877655, "bf": 0.9814451336860657}
{"FP": 0.9837172031402588, "FPD": 0.0, "ASH": 0.8903303146362305, "bf": 0.9824913144111633}
{"FP": 0.9864788055419922, "FPD": 0.0, "ASH": 0.9029824137687683, "bf": 0.9832240343093872}
{"FP": 0.9862594604492188, "FPD": 0.0, "ASH": 0.9140670895576477, "bf": 0.9809439182281494}
{"FP": 0.9779951572418213, "FPD": 0.0, "ASH": 0.9090158939361572, "bf": 0.9830503463745117}
{"FP": 0.9863211512565613, "FPD": 0.0, "ASH": 0.9177639484405518, "bf": 0.9840521216392517}
{"FP": 0.9828278422355652, "FPD": 0.0, "ASH": 0.9073011875152588, "bf": 0.9835511445999146}
{"FP": 0.9879383444786072, "FPD": 0.0, "ASH": 0.9092409610748291, "bf": 0.9835681915283203}
{"FP": 0.9761106967926025, "FPD": 0.0, "ASH": 0.8823050260543823, "bf": 0.9807440638542175}
{"FP": 0.9879366755485535, "FPD": 0.0, "ASH": 0.8773730397224426, "bf": 0.9793907999992371}
{"FP": 0.9876129627227783, "FPD": 0.0, "ASH": 0.9068098068237305, "bf": 0.9835323691368103}
{"FP": 0.9889421463012695, "FPD": 0.0, "ASH": 0.9194275736808777, "bf": 0.9835655689239502}
{"FP": 0.9865794777870178, "FPD": 0.0, "ASH": 0.9190601706504822, "bf": 0.9832124710083008}
{"FP": 0.9879999160766602, "FPD": 0.0, "ASH": 0.9030165076255798, "bf": 0.983392059803009}
{"FP": 0.9809247255325317, "FPD": 0.0, "ASH": 0.8960385918617249, "bf": 0.983713686466217}
{"FP": 0.9886324405670166, "FPD": 0.0, "ASH": 0.9037466049194336, "bf": 0.9840846657752991}
{"FP": 0.9878209233283997, "FPD": 0.0, "ASH": 0.91508948802948, "bf": 0.984786868095398}
{"FP": 0.9850621819496155, "FPD": 0.0, "ASH": 0.8926763534545898, "bf": 0.9830573201179504}
{"FP": 0.9832121729850769, "FPD": 0.0, "ASH": 0.9227766394615173, "bf": 0.984264612197876}
{"FP": 0.9887407422065735, "FPD": 0.0, "ASH": 0.9233329892158508, "bf": 0.9863465428352356}
{"FP": 0.987278401851654, "FPD": 0.0, "ASH": 0.9194556474685669, "bf": 0.9860251545906067}
{"FP": 0.9887645840644836, "FPD": 0.0, "ASH": 0.9276149868965149, "bf": 0.9846714735031128}
{"FP": 0.9895552396774292, "FPD": 0.14605827629566193, "ASH": 0.9185198545455933, "bf": 0.9851978421211243}
{"FP": 0.9894266128540039, "FPD": 0.5990495085716248, "ASH": 0.9337399005889893, "bf": 0.9873653054237366}
{"FP": 0.989553689956665, "FPD": 0.5733831524848938, "ASH": 0.9283807873725891, "bf": 0.987067461013794}
{"FP": 0.9861610531806946, "FPD": 0.6125385761260986, "ASH": 0.9297716617584229, "bf": 0.9868729114532471}
{"FP": 0.9884949922561646, "FPD": 0.5687111020088196, "ASH": 0.9241850972175598, "bf": 0.9868350625038147}
{"FP": 0.9891325831413269, "FPD": 0.608087420463562, "ASH": 0.9141687750816345, "bf": 0.9864752292633057}
{"FP": 0.989508330821991, "FPD": 0.6122849583625793, "ASH": 0.9360352754592896, "bf": 0.9843101501464844}
{"FP": 0.9826387763023376, "FPD": 0.5436115264892578, "ASH": 0.9061050415039062, "bf": 0.9860740303993225}
{"FP": 0.9904935956001282, "FPD": 0.6196978688240051, "ASH": 0.9327645897865295, "bf": 0.9843581318855286}
{"FP": 0.9904200434684753, "FPD": 0.6169041991233826, "ASH": 0.9355551600456238, "bf": 0.9876987934112549}
{"FP": 0.99057537317276, "FPD": 0.6324194669723511, "ASH": 0.9422109723091125, "bf": 0.9887359738349915}
{"FP": 0.9912623167037964, "FPD": 0.6345491409301758, "ASH": 0.9377773404121399, "bf": 0.9877703785896301}
{"FP": 0.9898068308830261, "FPD": 0.623896062374115, "ASH": 0.9401892423629761, "bf": 0.9888618588447571}
{"FP": 0.9841330647468567, "FPD": 0.6069028973579407, "ASH": 0.9332919716835022, "bf": 0.9870544075965881}
{"FP": 0.9914016723632812, "FPD": 0.6340011954307556, "ASH": 0.9427725672721863, "bf": 0.9868418574333191}
{"FP": 0.989422082901001, "FPD": 0.5977432131767273, "ASH": 0.9453680515289307, "bf": 0.9875550866127014}
{"FP": 0.9898697733879089, "FPD": 0.5915682315826416, "ASH": 0.9427421689033508, "bf": 0.9857816696166992}
{"FP": 0.9907321929931641, "FPD": 0.6227274537086487, "ASH": 0.9408394694328308, "bf": 0.9865706562995911}
{"FP": 0.9910008311271667, "FPD": 0.591870129108429, "ASH": 0.9407885074615479, "bf": 0.9889323115348816}
{"FP": 0.9888745546340942, "FPD": 0.6214805841445923, "ASH": 0.9348562955856323, "bf": 0.9889876246452332}
{"FP": 0.9825727939605713, "FPD": 0.6374709010124207, "ASH": 0.940511167049408, "bf": 0.9883489608764648}
