{"FP": 0.0, "FPD": 0.0, "ASH": 0.0, "bf": 0.0}
{"FP": 0.0, "FPD": 0.0, "ASH": 0.0, "bf": 0.0}
{"FP": 0.0, "FPD": 0.0, "ASH": 0.0, "bf": 0.0}
{"FP": 0.0, "FPD": 0.0, "ASH": 0.0, "bf": 0.0}
{"FP": 0.0, "FPD": 0.0, "ASH": 0.0, "bf": 0.0}
{"FP": 0.0, "FPD": 0.0, "ASH": 0.0, "bf": 0.0}
{"FP": 0.3145807385444641, "FPD": 0.0, "ASH": 0.09129228442907333, "bf": 0.001422249828465283}
{"FP": 0.8122818470001221, "FPD": 0.0, "ASH": 0.12408328801393509, "bf": 0.017596038058400154}
{"FP": 0.8772649765014648, "FPD": 0.0, "ASH": 0.5624899864196777, "bf": 0.20844238996505737}
{"FP": 0.8969993591308594, "FPD": 0.0, "ASH": 0.37970349192619324, "bf": 0.5274732112884521}
{"FP": 0.7896903157234192, "FPD": 0.0, "ASH": 0.6649832725524902, "bf": 0.7907834649085999}
{"FP": 0.9213595390319824, "FPD": 0.0, "ASH": 0.7683473825454712, "bf": 0.914666473865509}
{"FP": 0.9139777421951294, "FPD": 0.0, "ASH": 0.7255322337150574, "bf": 0.9453535079956055}
{"FP": 0.9013715982437134, "FPD": 0.0, "ASH": 0.7504258155822754, "bf": 0.9523802399635315}
{"FP": 0.9654309749603271, "FPD": 0.0, "ASH": 0.6706976890563965, "bf": 0.9556161165237427}
{"FP": 0.9568841457366943, "FPD": 0.0, "ASH": 0.7052653431892395, "bf": 0.9596402049064636}
{"FP": 0.9622278213500977, "FPD": 0.0, "ASH": 0.7210681438446045, "bf": 0.96299147605896}
{"FP": 0.9810841679573059, "FPD": 0.0, "ASH": 0.7163791656494141, "bf": 0.9722014665603638}
{"FP": 0.9749016761779785, "FPD": 0.0, "ASH": 0.7673768997192383, "bf": 0.9762183427810669}
{"FP": 0.9788649082183838, "FPD": 0.0, "ASH": 0.7197173237800598, "bf": 0.9742213487625122}
{"FP": 0.9797028303146362, "FPD": 0.0, "ASH": 0.7322033643722534, "bf": 0.9711028933525085}
{"FP": 0.9805858731269836, "FPD": 0.0, "ASH": 0.6934325695037842, "bf": 0.977202296257019}
{"FP": 0.9806426763534546, "FPD": 0.0, "ASH": 0.717869222164154, "bf": 0.9753031730651855}
{"FP": 0.9650635719299316, "FPD": 0.0, "ASH": 0.77524733543396, "bf": 0.9798019528388977}
{"FP": 0.9610594511032104, "FPD": 0.0, "ASH": 0.5981152057647705, "bf": 0.9603621363639832}
{"FP": 0.9192994236946106, "FPD": 0.0, "ASH": 0.39379918575286865, "bf": 0.4429130554199219}
{"FP": 0.9724799394607544, "FPD": 0.0, "ASH": 0.2787872552871704, "bf": 0.9097875952720642}
{"FP": 0.9748567342758179, "FPD": 0.0, "ASH": 0.553890585899353, "bf": 0.9470881223678589}
{"FP": 0.9741736650466919, "FPD": 0.0, "ASH": 0.5514429211616516, "bf": 0.9537061452865601}
{"FP": 0.9714580774307251, "FPD": 0.0, "ASH": 0.6438325047492981, "bf": 0.9670029878616333}
{"FP": 0.971394419670105, "FPD": 0.6052888631820679, "ASH": 0.7167389988899231, "bf": 0.9767648577690125}
{"FP": 0.979671061038971, "FPD": 0.7885671854019165, "ASH": 0.7142367959022522, "bf": 0.9777486324310303}
{"FP": 0.9825643301010132, "FPD": 0.8742444515228271, "ASH": 0.6974243521690369, "bf": 0.978925883769989}
{"FP": 0.9795225262641907, "FPD": 0.8196432590484619, "ASH": 0.7616786956787109, "bf": 0.9800219535827637}
{"FP": 0.9830324649810791, "FPD": 0.8882243037223816, "ASH": 0.7218573689460754, "bf": 0.979057788848877}
{"FP": 0.9824259877204895, "FPD": 0.8815999031066895, "ASH": 0.6993240118026733, "bf": 0.9762426614761353}
{"FP": 0.9817638397216797, "FPD": 0.8695189952850342, "ASH": 0.6888113617897034, "bf": 0.9775917530059814}
{"FP": 0.9831855893135071, "FPD": 0.8893893361091614, "ASH": 0.7276110649108887, "bf": 0.9793130159378052}
{"FP": 0.9817421436309814, "FPD": 0.8903899788856506, "ASH": 0.6917222142219543, "bf": 0.9785563945770264}
{"FP": 0.9841398000717163, "FPD": 0.8724563121795654, "ASH": 0.7284375429153442, "bf": 0.9792519211769104}
{"FP": 0.9812980890274048, "FPD": 0.8606840372085571, "ASH": 0.7543038725852966, "bf": 0.9804162383079529}
{"FP": 0.9810333847999573, "FPD": 0.8872917294502258, "ASH": 0.7014932632446289, "bf": 0.9806375503540039}
{"FP": 0.9835550785064697, "FPD": 0.8999253511428833, "ASH": 0.7464600205421448, "bf": 0.9790158271789551}
{"FP": 0.9841579794883728, "FPD": 0.9001762270927429, "ASH": 0.7233338356018066, "bf": 0.9798201322555542}
{"FP": 0.9792978763580322, "FPD": 0.8689004182815552, "ASH": 0.7567064762115479, "bf": 0.9787726402282715}
{"FP": 0.982268214225769, "FPD": 0.9202834367752075, "ASH": 0.7418571710586548, "bf": 0.9811829328536987}
{"FP": 0.9819052219390869, "FPD": 0.9044727683067322, "ASH": 0.7525383830070496, "bf": 0.9810842871665955}
{"FP": 0.9791508913040161, "FPD": 0.86918044090271, "ASH": 0.7590168118476868, "bf": 0.9811196327209473}
{"FP": 0.9793816208839417, "FPD": 0.8451904058456421, "ASH": 0.7720022201538086, "bf": 0.9814459681510925}
{"FP": 0.9779264330863953, "FPD": 0.8364313244819641, "ASH": 0.7685728073120117, "bf": 0.9804943203926086}
{"FP": 0.9771363735198975, "FPD": 0.8474447727203369, "ASH": 0.7581779956817627, "bf": 0.9818297624588013}
{"FP": 0.9767385125160217, "FPD": 0.826198399066925, "ASH": 0.7438874244689941, "bf": 0.9815936088562012}
{"FP": 0.9781714081764221, "FPD": 0.8351388573646545, "ASH": 0.7116975784301758, "bf": 0.9807409644126892}
{"FP": 0.9808769822120667, "FPD": 0.904195249080658, "ASH": 0.7582384943962097, "bf": 0.9815347194671631}
{"FP": 0.985404908657074, "FPD": 0.901307225227356, "ASH": 0.7230880856513977, "bf": 0.9802815914154053}
{"FP": 0.9830904006958008, "FPD": 0.8842885494232178, "ASH": 0.7432121634483337, "bf": 0.9818159341812134}
{"FP": 0.9852832555770874, "FPD": 0.9220736026763916, "ASH": 0.7524145841598511, "bf": 0.9810912609100342}
{"FP": 0.9856370687484741, "FPD": 0.9125778079032898, "ASH": 0.7525442838668823, "bf": 0.9819440841674805}
{"FP": 0.9823735952377319, "FPD": 0.8525097370147705, "ASH": 0.7565604448318481, "bf": 0.9821476340293884}
{"FP": 0.9819571375846863, "FPD": 0.8985744714736938, "ASH": 0.7645922899246216, "bf": 0.9800394773483276}
{"FP": 0.9803202152252197, "FPD": 0.8617153763771057, "ASH": 0.7581202387809753, "bf": 0.9818444848060608}
{"FP": 0.9828441143035889, "FPD": 0.8776143789291382, "ASH": 0.7785969972610474, "bf": 0.9819625616073608}
{"FP": 0.9841189384460449, "FPD": 0.9115536212921143, "ASH": 0.779012143611908, "bf": 0.9807482957839966}
{"FP": 0.9829701781272888, "FPD": 0.891785740852356, "ASH": 0.7659826874732971, "bf": 0.9811539649963379}
{"FP": 0.9853042960166931, "FPD": 0.9196975231170654, "ASH": 0.7851413488388062, "bf": 0.9796428084373474}
{"FP": 0.9771558046340942, "FPD": 0.8537953495979309, "ASH": 0.7673351764678955, "bf": 0.981665313243866}
{"FP": 0.9804825782775879, "FPD": 0.8987600803375244, "ASH": 0.763599157333374, "bf": 0.9817876815795898}
{"FP": 0.9806594252586365, "FPD": 0.8829059600830078, "ASH": 0.7400769591331482, "bf": 0.9811607003211975}
{"FP": 0.9812132120132446, "FPD": 0.8717378377914429, "ASH": 0.7574511766433716, "bf": 0.9807631969451904}
{"FP": 0.983786940574646, "FPD": 0.8979562520980835, "ASH": 0.76755291223526, "bf": 0.980137825012207}
{"FP": 0.9827765822410583, "FPD": 0.8853230476379395, "ASH": 0.7544959783554077, "bf": 0.9815630912780762}
{"FP": 0.9796720743179321, "FPD": 0.8611931204795837, "ASH": 0.7567201256752014, "bf": 0.9813120365142822}
{"FP": 0.9820306301116943, "FPD": 0.8774082660675049, "ASH": 0.769909143447876, "bf": 0.9811025857925415}
{"FP": 0.9814176559448242, "FPD": 0.8679819703102112, "ASH": 0.7582715749740601, "bf": 0.9803506731987}
{"FP": 0.9790502786636353, "FPD": 0.8478063941001892, "ASH": 0.7369182109832764, "bf": 0.9803652167320251}
{"FP": 0.9787626266479492, "FPD": 0.8600823879241943, "ASH": 0.7664504647254944, "bf": 0.9800882935523987}
{"FP": 0.9779355525970459, "FPD": 0.9001601934432983, "ASH": 0.7829599976539612, "bf": 0.9794333577156067}
{"FP": 0.9825019836425781, "FPD": 0.8404769897460938, "ASH": 0.7995097637176514, "bf": 0.9813988208770752}
{"FP": 0.9792337417602539, "FPD": 0.8856832981109619, "ASH": 0.7646539807319641, "bf": 0.9817458391189575}
{"FP": 0.9774889349937439, "FPD": 0.8306549787521362, "ASH": 0.7864827513694763, "bf": 0.982460618019104}
{"FP": 0.9836394786834717, "FPD": 0.8964221477508545, "ASH": 0.7395837306976318, "bf": 0.9817337989807129}
{"FP": 0.9816445112228394, "FPD": 0.8922708630561829,