{"FP": 0.0, "FPD": 0.0, "ASH": 0.0, "bf": 0.0}
{"FP": 0.0, "FPD": 0.0, "ASH": 0.0, "bf": 0.0}
{"FP": 0.0, "FPD": 0.0, "ASH": 0.0, "bf": 0.0}
{"FP": 0.0, "FPD": 0.0, "ASH": 0.0, "bf": 0.0}
{"FP": 0.0, "FPD": 0.0, "ASH": 0.0, "bf": 0.0}
{"FP": 1.9008948584087193e-06, "FPD": 0.0, "ASH": 0.004656540229916573, "bf": 0.0}
{"FP": 0.2783825993537903, "FPD": 0.0, "ASH": 0.09846771508455276, "bf": 0.0007840729667805135}
{"FP": 0.8158527612686157, "FPD": 0.0, "ASH": 0.12615187466144562, "bf": 0.01259064394980669}
{"FP": 0.8816720843315125, "FPD": 0.0, "ASH": 0.5699373483657837, "bf": 0.20510216057300568}
{"FP": 0.8878879547119141, "FPD": 0.0, "ASH": 0.4468066990375519, "bf": 0.5488444566726685}
{"FP": 0.8242493867874146, "FPD": 0.0, "ASH": 0.692220151424408, "bf": 0.7991828322410583}
{"FP": 0.9273169636726379, "FPD": 0.0, "ASH": 0.7962519526481628, "bf": 0.9087732434272766}
{"FP": 0.916961669921875, "FPD": 0.0, "ASH": 0.7938559651374817, "bf": 0.9442752003669739}
{"FP": 0.9066212177276611, "FPD": 0.0, "ASH": 0.8029937744140625, "bf": 0.9520338773727417}
{"FP": 0.960870087146759, "FPD": 0.0, "ASH": 0.8080089688301086, "bf": 0.9550932049751282}
{"FP": 0.9552633762359619, "FPD": 0.0, "ASH": 0.8307925462722778, "bf": 0.9594752192497253}
{"FP": 0.9655192494392395, "FPD": 0.0, "ASH": 0.8304466605186462, "bf": 0.9632983803749084}
{"FP": 0.9807586669921875, "FPD": 0.0, "ASH": 0.8503471612930298, "bf": 0.9735698699951172}
{"FP": 0.9787474870681763, "FPD": 0.0, "ASH": 0.8926973342895508, "bf": 0.9775798916816711}
{"FP": 0.9774582982063293, "FPD": 0.0, "ASH": 0.8713410496711731, "bf": 0.9766097664833069}
{"FP": 0.9833657145500183, "FPD": 0.0, "ASH": 0.8808420300483704, "bf": 0.9728233814239502}
{"FP": 0.9839523434638977, "FPD": 0.0, "ASH": 0.8461741805076599, "bf": 0.9789932370185852}
{"FP": 0.984544575214386, "FPD": 0.0, "ASH": 0.8828099966049194, "bf": 0.9787258505821228}
{"FP": 0.9671348929405212, "FPD": 0.0, "ASH": 0.880964457988739, "bf": 0.9821836948394775}
{"FP": 0.9674159288406372, "FPD": 0.0, "ASH": 0.7086848616600037, "bf": 0.9627430438995361}
{"FP": 0.9367919564247131, "FPD": 0.0, "ASH": 0.42433786392211914, "bf": 0.4650002717971802}
{"FP": 0.9661634564399719, "FPD": 0.0, "ASH": 0.27892521023750305, "bf": 0.894877016544342}
{"FP": 0.9696369171142578, "FPD": 0.0, "ASH": 0.6246575117111206, "bf": 0.9427105784416199}
{"FP": 0.9762563705444336, "FPD": 0.0, "ASH": 0.6557385325431824, "bf": 0.9540256857872009}
{"FP": 0.9766513109207153, "FPD": 4.455136877368204e-05, "ASH": 0.7948383688926697, "bf": 0.970055878162384}
{"FP": 0.9759953618049622, "FPD": 0.3775096833705902, "ASH": 0.8454423546791077, "bf": 0.9780323505401611}
{"FP": 0.984075665473938, "FPD": 0.5164397358894348, "ASH": 0.8660553693771362, "bf": 0.9808989763259888}
{"FP": 0.9848209023475647, "FPD": 0.5472992658615112, "ASH": 0.8787426352500916, "bf": 0.9816473126411438}
{"FP": 0.9834194183349609, "FPD": 0.5612624287605286, "ASH": 0.8900724053382874, "bf": 0.9822792410850525}
{"FP": 0.9818856120109558, "FPD": 0.5460087060928345, "ASH": 0.8980318903923035, "bf": 0.9815525412559509}
{"FP": 0.9855852127075195, "FPD": 0.5797686576843262, "ASH": 0.8893410563468933, "bf": 0.9800653457641602}
{"FP": 0.9844218492507935, "FPD": 0.5527974367141724, "ASH": 0.8835515379905701, "bf": 0.9807094931602478}
{"FP": 0.981218159198761, "FPD": 0.590349555015564, "ASH": 0.8963673710823059, "bf": 0.982539176940918}
{"FP": 0.9841981530189514, "FPD": 0.5844467282295227, "ASH": 0.8716048002243042, "bf": 0.9823867082595825}
{"FP": 0.9851433634757996, "FPD": 0.5502550601959229, "ASH": 0.9031017422676086, "bf": 0.9832171201705933}
{"FP": 0.9850742816925049, "FPD": 0.5377007126808167, "ASH": 0.9185807108879089, "bf": 0.983262300491333}
{"FP": 0.9870195388793945, "FPD": 0.6059074401855469, "ASH": 0.8634701371192932, "bf": 0.9834206700325012}
{"FP": 0.9870131611824036, "FPD": 0.5795613527297974, "ASH": 0.9005418419837952, "bf": 0.9824579954147339}
{"FP": 0.9871617555618286, "FPD": 0.623859703540802, "ASH": 0.907317578792572, "bf": 0.9828707575798035}
{"FP": 0.9862339496612549, "FPD": 0.6053755283355713, "ASH": 0.8958671689033508, "bf": 0.9812580943107605}
{"FP": 0.9870428442955017, "FPD": 0.5893017053604126, "ASH": 0.9037777781486511, "bf": 0.9835851788520813}
{"FP": 0.9877127408981323, "FPD": 0.5868247151374817, "ASH": 0.9172019958496094, "bf": 0.9844228029251099}
{"FP": 0.9870298504829407, "FPD": 0.6115064024925232, "ASH": 0.9173941016197205, "bf": 0.9849987030029297}
{"FP": 0.9874222278594971, "FPD": 0.5992110371589661, "ASH": 0.9145736694335938, "bf": 0.9847671985626221}
{"FP": 0.9869402050971985, "FPD": 0.6141348481178284, "ASH": 0.9238100051879883, "bf": 0.984991192817688}
{"FP": 0.9873327612876892, "FPD": 0.6125484108924866, "ASH": 0.9171813130378723, "bf": 0.9843239188194275}
{"FP": 0.9875079393386841, "FPD": 0.5899753570556641, "ASH": 0.9168217182159424, "bf": 0.9844398498535156}
{"FP": 0.9885662198066711, "FPD": 0.6072202920913696, "ASH": 0.8832862973213196, "bf": 0.9852995276451111}
{"FP": 0.987381100654602, "FPD": 0.6021305918693542, "ASH": 0.9251613616943359, "bf": 0.9859389066696167}
{"FP": 0.9841586351394653, "FPD": 0.6236268281936646, "ASH": 0.9232982993125916, "bf": 0.9853847622871399}
{"FP": 0.9857532978057861, "FPD": 0.6228647828102112, "ASH": 0.9103888273239136, "bf": 0.985119640827179}
{"FP": 0.9863311052322388, "FPD": 0.6270387768745422, "ASH": 0.9295405149459839, "bf": 0.9860056042671204}
{"FP": 0.9844490885734558, "FPD": 0.6245415806770325, "ASH": 0.9320154190063477, "bf": 0.9867542386054993}
{"FP": 0.987260639667511, "FPD": 0.5255467891693115, "ASH": 0.9191556572914124, "bf": 0.9867630004882812}
{"FP": 0.9896443486213684, "FPD": 0.6411422491073608, "ASH": 0.9336649775505066, "bf": 0.9852816462516785}
{"FP": 0.9895079731941223, "FPD": 0.6284441947937012, "ASH": 0.929840087890625, "bf": 0.9868864417076111}
{"FP": 0.9901431202888489, "FPD": 0.6292118430137634, "ASH": 0.9331673383712769, "bf": 0.987079918384552}
{"FP": 0.9902063012123108, "FPD": 0.6330668330192566, "ASH": 0.9326601028442383, "bf": 0.9859199523925781}
{"FP": 0.9901201725006104, "FPD": 0.6360967755317688, "ASH": 0.9232025146484375, "bf": 0.9862868189811707}
{"FP": 0.9903182983398438, "FPD": 0.6270975470542908, "ASH": 0.9304841160774231, "bf": 0.9832669496536255}
{"FP": 0.987319827079773, "FPD": 0.6155193448066711, "ASH": 0.9225881695747375, "bf": 0.9872725605964661}
{"FP": 0.9887115955352783, "FPD": 0.6083138585090637, "ASH": 0.9269221425056458, "bf": 0.9878301620483398}
{"FP": 0.9894866943359375, "FPD": 0.6348870992660522, "ASH": 0.913701057434082, "bf": 0.9872980117797852}
{"FP": 0.9909876585006714, "FPD": 0.6146911978721619, "ASH": 0.9217548370361328, "bf": 0.987381637096405}
{"FP": 0.9894522428512573, "FPD": 0.6345932483673096, "ASH": 0.9252892732620239, "bf": 0.9867459535598755}
{"FP": 0.9906655550003052, "FPD": 0.6420588493347168, "ASH": 0.925182580947876, "bf": 0.9874656796455383}
{"FP": 0.9899969100952148, "FPD": 0.6344951391220093, "ASH": 0.9244591593742371, "bf": 0.9878706336021423}
{"FP": 0.9905503392219543, "FPD": 0.6374315619468689, "ASH": 0.9342262744903564, "bf": 0.9879373908042908}
{"FP": 0.990031361579895, "FPD": 0.6232892870903015, "ASH": 0.9346283078193665, "bf": 0.987391471862793}
{"FP": 0.9899038672447205, "FPD": 0.63028883934021, "ASH": 0.9176338315010071, "bf": 0.9872462153434753}
{"FP": 0.9888790249824524, "FPD": 0.6141226291656494, "ASH": 0.9254788160324097, "bf": 0.9872539639472961}
{"FP": 0.9876721501350403, "FPD": 0.6336840391159058, "ASH": 0.9233781099319458, "bf": 0.9861599802970886}
{"FP": 0.9885786771774292, "FPD": 0.5850864052772522, "ASH": 0.9214875102043152, "bf": 0.9877038598060608}
{"FP": 0.988846480846405, "FPD": 0.6405187249183655, "ASH": 0.9315178990364075, "bf": 0.988117516040802}
{"FP": 0.9893532991409302, "FPD": 0.6251804232597351, "ASH": 0.9395764470100403, "bf": 0.9882885813713074}
{"FP": 0.9895158410072327, "FPD": 0.6145169138908386, "ASH": 0.936005175113678,