{"FP": 0.010149319656193256, "FPD": 0.0, "ASH": 0.0, "bf": 0.0}
{"FP": 0.0, "FPD": 0.0, "ASH": 0.0, "bf": 0.0}
{"FP": 0.20825473964214325, "FPD": 0.0, "ASH": 0.0, "bf": 0.0}
{"FP": 0.12035224586725235, "FPD": 0.0, "ASH": 0.0, "bf": 0.0}
{"FP": 0.04805142432451248, "FPD": 0.0, "ASH": 1.9782060917350464e-05, "bf": 0.0}
{"FP": 0.0, "FPD": 0.0, "ASH": 9.74146223597927e-06, "bf": 0.0}
{"FP": 0.0, "FPD": 0.0, "ASH": 0.0, "bf": 0.00011418069334467873}
{"FP": 0.06468964368104935, "FPD": 0.0, "ASH": 0.042608052492141724, "bf": 0.0027692571748048067}
{"FP": 0.714725136756897, "FPD": 0.0, "ASH": 0.04251909628510475, "bf": 0.016048384830355644}
{"FP": 0.7664750814437866, "FPD": 0.0, "ASH": 0.13705193996429443, "bf": 0.26611271500587463}
{"FP": 0.8371047973632812, "FPD": 0.0, "ASH": 0.26509425044059753, "bf": 0.737928569316864}
{"FP": 0.9208789467811584, "FPD": 0.0, "ASH": 0.6355259418487549, "bf": 0.8663673996925354}
{"FP": 0.9136953353881836, "FPD": 0.0, "ASH": 0.6800075173377991, "bf": 0.9238481521606445}
{"FP": 0.9495635628700256, "FPD": 0.0, "ASH": 0.782629132270813, "bf": 0.9544610977172852}
{"FP": 0.9626054763793945, "FPD": 0.0, "ASH": 0.8391459584236145, "bf": 0.9556399583816528}
{"FP": 0.9576208591461182, "FPD": 0.0, "ASH": 0.8354132771492004, "bf": 0.9620527625083923}
{"FP": 0.9652073979377747, "FPD": 0.0, "ASH": 0.8328976631164551, "bf": 0.9688059687614441}
{"FP": 0.9432772397994995, "FPD": 0.0, "ASH": 0.7911165356636047, "bf": 0.9736401438713074}
{"FP": 0.960719883441925, "FPD": 0.0, "ASH": 0.8621436953544617, "bf": 0.9752998352050781}
{"FP": 0.9731125235557556, "FPD": 0.0, "ASH": 0.8887336850166321, "bf": 0.9749186038970947}
{"FP": 0.9765782952308655, "FPD": 0.0, "ASH": 0.8960517048835754, "bf": 0.9738994240760803}
{"FP": 0.9784372448921204, "FPD": 0.0, "ASH": 0.8961163759231567, "bf": 0.9800772070884705}
{"FP": 0.9750216603279114, "FPD": 0.0, "ASH": 0.8943032026290894, "bf": 0.9798982739448547}
{"FP": 0.9793818593025208, "FPD": 0.0, "ASH": 0.8922035694122314, "bf": 0.9814096093177795}
{"FP": 0.9670971035957336, "FPD": 0.008711690083146095, "ASH": 0.8011263012886047, "bf": 0.9782040119171143}
{"FP": 0.9797407984733582, "FPD": 0.03905841335654259, "ASH": 0.8949909210205078, "bf": 0.9840583801269531}
{"FP": 0.9834823608398438, "FPD": 0.3057778775691986, "ASH": 0.898926317691803, "bf": 0.9829744696617126}
{"FP": 0.9764384031295776, "FPD": 0.09326382726430893, "ASH": 0.9114007949829102, "bf": 0.9834361672401428}
{"FP": 0.9717130661010742, "FPD": 0.11205628514289856, "ASH": 0.9073521494865417, "bf": 0.9832518696784973}
{"FP": 0.9732430577278137, "FPD": 0.08137970417737961, "ASH": 0.9163444638252258, "bf": 0.9847695231437683}
{"FP": 0.9842020869255066, "FPD": 0.49269601702690125, "ASH": 0.920171320438385, "bf": 0.9845892786979675}
{"FP": 0.9791571497917175, "FPD": 0.24838310480117798, "ASH": 0.9101986289024353, "bf": 0.9811928868293762}
{"FP": 0.981030285358429, "FPD": 0.3908035457134247, "ASH": 0.9265435338020325, "bf": 0.9855521321296692}
{"FP": 0.9777728319168091, "FPD": 0.4356050491333008, "ASH": 0.9210165739059448, "bf": 0.9840900897979736}
{"FP": 0.9844350814819336, "FPD": 0.5159216523170471, "ASH": 0.9195830225944519, "bf": 0.9840388894081116}
{"FP": 0.98697429895401, "FPD": 0.5673497319221497, "ASH": 0.9255949854850769, "bf": 0.985785722732544}
{"FP": 0.9859427213668823, "FPD": 0.6360604166984558, "ASH": 0.9205744862556458, "bf": 0.9857196807861328}
{"FP": 0.9796429872512817, "FPD": 0.6457436084747314, "ASH": 0.9276058673858643, "bf": 0.9860192537307739}
{"FP": 0.977133572101593, "FPD": 0.5805491209030151, "ASH": 0.9309700727462769, "bf": 0.9861382246017456}
{"FP": 0.9847391247749329, "FPD": 0.5288567543029785, "ASH": 0.9301272630691528, "bf": 0.9866289496421814}
{"FP": 0.9797709584236145, "FPD": 0.6452522873878479, "ASH": 0.9058671593666077, "bf": 0.9798360466957092}
{"FP": 0.985850989818573, "FPD": 0.588090717792511, "ASH": 0.932129442691803, "bf": 0.9861844182014465}
{"FP": 0.982041597366333, "FPD": 0.5477941632270813, "ASH": 0.932446300983429, "bf": 0.9860591888427734}
{"FP": 0.9841191172599792, "FPD": 0.5960789322853088, "ASH": 0.9170123338699341, "bf": 0.9834497570991516}
{"FP": 0.9802877902984619, "FPD": 0.5212691426277161, "ASH": 0.9077022671699524, "bf": 0.9851633906364441}
{"FP": 0.977702260017395, "FPD": 0.43431422114372253, "ASH": 0.9299039840698242, "bf": 0.9838841557502747}
{"FP": 0.9802238941192627, "FPD": 0.3752984404563904, "ASH": 0.9302133917808533, "bf": 0.98348468542099}
{"FP": 0.9864370822906494, "FPD": 0.6050669550895691, "ASH": 0.916864275932312, "bf": 0.9862588047981262}
{"FP": 0.9875068664550781, "FPD": 0.6156173944473267, "ASH": 0.9262436032295227, "bf": 0.9842045307159424}
{"FP": 0.986444890499115, "FPD": 0.6488387584686279, "ASH": 0.9201276898384094, "bf": 0.9852654337882996}
{"FP": 0.9857996106147766, "FPD": 0.5713890194892883, "ASH": 0.9318934679031372, "bf": 0.9878306984901428}
{"FP": 0.9840152859687805, "FPD": 0.5964653491973877, "ASH": 0.9339786171913147, "bf": 0.9875226616859436}
{"FP": 0.9894846081733704, "FPD": 0.6270017027854919, "ASH": 0.9317032694816589, "bf": 0.9873182773590088}
{"FP": 0.9884410500526428, "FPD": 0.6301835179328918, "ASH": 0.9341793060302734, "bf": 0.9882794618606567}
{"FP": 0.9849976301193237, "FPD": 0.6219279766082764, "ASH": 0.9333058595657349, "bf": 0.9883526563644409}
{"FP": 0.9845121502876282, "FPD": 0.6033790707588196, "ASH": 0.9021757245063782, "bf": 0.9867783784866333}
{"FP": 0.9886044263839722, "FPD": 0.6362248659133911, "ASH": 0.9123995304107666, "bf": 0.9863710403442383}
{"FP": 0.9876617789268494, "FPD": 0.6080347299575806, "ASH": 0.9278494715690613, "bf": 0.9868713021278381}
{"FP": 0.9877094626426697, "FPD": 0.6485598087310791, "ASH": 0.9241474270820618, "bf": 0.9835432767868042}
{"FP": 0.980239748954773, "FPD": 0.6369154453277588, "ASH": 0.9385348558425903, "bf": 0.9877418875694275}
{"FP": 0.9843428134918213, "FPD": 0.6479072570800781, "ASH": 0.9176833033561707, "bf": 0.9885898232460022}
{"FP": 0.9881497621536255, "FPD": 0.6511430144309998, "ASH": 0.9307095408439636, "bf": 0.9880983829498291}
{"FP": 0.9880015254020691, "FPD": 0.6689518094062805, "ASH": 0.9413393139839172, "bf": 0.9888599514961243}
{"FP": 0.9868372082710266, "FPD": 0.6452809572219849, "ASH": 0.9427496790885925, "bf": 0.9877417087554932}
{"FP": 0.9882986545562744, "FPD": 0.6615695357322693, "ASH": 0.9377442598342896, "bf": 0.9867336750030518}
{"FP": 0.9908223748207092, "FPD": 0.6569316983222961, "ASH": 0.9424792528152466, "bf": 0.9889550805091858}
{"FP": 0.9856517910957336, "FPD": 0.6230173707008362, "ASH": 0.9318366646766663, "bf": 0.9852620363235474}
{"FP": 0.5393022298812866, "FPD": 0.09225931763648987, "ASH": 0.6259079575538635, "bf": 0.9694848656654358}
{"FP": 0.9823490977287292, "FPD": 0.14625807106494904, "ASH": 0.6602836847305298, "bf": 0.9739997982978821}
{"FP": 0.9800816774368286, "FPD": 0.45166724920272827, "ASH": 0.8312428593635559, "bf": 0.9789565205574036}
{"FP": 0.9782809019088745, "FPD": 0.4648056626319885, "ASH": 0.8705832362174988, "bf": 0.9814440608024597}
{"FP": 0.980724573135376, "FPD": 0.5409184694290161, "ASH": 0.9117394685745239, "bf": 0.9826563596725464}
{"FP": 0.9858788251876831, "FPD": 0.6074296832084656, "ASH": 0.917460024356842, "bf": 0.9832062125205994}
{"FP": 0.9824164509773254, "FPD": 0.5695353150367737, "ASH": 0.8561225533485413, "bf": 0.9802120327949524}
{"FP": 0.9840983152389526, "FPD": 0.6051027178764343, "ASH": 0.9074675440788269, "bf": 0.9831193089485168}
{"FP": 0.979523241519928, "FPD": 0.34642425179481506, "ASH": 0.7833977937698364, "bf": 0.9800740480422974}
