{"FP": 0.0, "FPD": 0.0, "ASH": 0.0, "bf": 0.0}
{"FP": 0.0, "FPD": 0.0, "ASH": 0.0, "bf": 0.0}
{"FP": 0.2055572271347046, "FPD": 0.0, "ASH": 0.0, "bf": 0.0}
{"FP": 0.12008105963468552, "FPD": 0.0, "ASH": 0.0, "bf": 0.0}
{"FP": 0.04088374227285385, "FPD": 0.0, "ASH": 0.0, "bf": 0.0}
{"FP": 0.0, "FPD": 0.0, "ASH": 0.0, "bf": 0.0}
{"FP": 0.0, "FPD": 0.0, "ASH": 0.0, "bf": 0.0}
{"FP": 0.05740569159388542, "FPD": 0.0, "ASH": 0.07059349119663239, "bf": 0.00023558930843137205}
{"FP": 0.7146307229995728, "FPD": 0.0, "ASH": 0.05582212656736374, "bf": 0.00375072262249887}
{"FP": 0.7637218236923218, "FPD": 0.0, "ASH": 0.14782565832138062, "bf": 0.18454068899154663}
{"FP": 0.8385047912597656, "FPD": 0.0, "ASH": 0.3213173747062683, "bf": 0.7383352518081665}
{"FP": 0.9124983549118042, "FPD": 0.0, "ASH": 0.5616559386253357, "bf": 0.8716038465499878}
{"FP": 0.9009686708450317, "FPD": 0.0, "ASH": 0.5499855279922485, "bf": 0.9246448278427124}
{"FP": 0.9432437419891357, "FPD": 0.0, "ASH": 0.6674389243125916, "bf": 0.9558678865432739}
{"FP": 0.9541950225830078, "FPD": 0.0, "ASH": 0.7105005979537964, "bf": 0.9571069478988647}
{"FP": 0.9496564865112305, "FPD": 0.0, "ASH": 0.751457154750824, "bf": 0.9639192223548889}
{"FP": 0.9565446972846985, "FPD": 0.0, "ASH": 0.728089451789856, "bf": 0.9674816131591797}
{"FP": 0.9381501078605652, "FPD": 0.0, "ASH": 0.7017059326171875, "bf": 0.9717627763748169}
{"FP": 0.9521470069885254, "FPD": 0.0, "ASH": 0.7521599531173706, "bf": 0.9706394076347351}
{"FP": 0.9631390571594238, "FPD": 0.0, "ASH": 0.7649854421615601, "bf": 0.9714453816413879}
{"FP": 0.9685848951339722, "FPD": 0.0, "ASH": 0.7678302526473999, "bf": 0.9711918234825134}
{"FP": 0.9685350060462952, "FPD": 0.0, "ASH": 0.7868006825447083, "bf": 0.9758794903755188}
{"FP": 0.9648802876472473, "FPD": 0.0, "ASH": 0.7670009136199951, "bf": 0.9762130379676819}
{"FP": 0.970364511013031, "FPD": 0.0, "ASH": 0.7575670480728149, "bf": 0.9770411252975464}
{"FP": 0.9569213390350342, "FPD": 0.024170994758605957, "ASH": 0.6710639595985413, "bf": 0.9716399908065796}
{"FP": 0.9713312387466431, "FPD": 0.03266159072518349, "ASH": 0.74416583776474, "bf": 0.9772214293479919}
{"FP": 0.9756985902786255, "FPD": 0.2854589819908142, "ASH": 0.7494708299636841, "bf": 0.9761784672737122}
{"FP": 0.9669995307922363, "FPD": 0.10177139192819595, "ASH": 0.7474811673164368, "bf": 0.9766992330551147}
{"FP": 0.9628121852874756, "FPD": 0.12574568390846252, "ASH": 0.7641953229904175, "bf": 0.9752550721168518}
{"FP": 0.9641247987747192, "FPD": 0.11705202609300613, "ASH": 0.7698631286621094, "bf": 0.9778247475624084}
{"FP": 0.9763678908348083, "FPD": 0.6050609946250916, "ASH": 0.7853431105613708, "bf": 0.9777240753173828}
{"FP": 0.9692001938819885, "FPD": 0.1782599687576294, "ASH": 0.7679780721664429, "bf": 0.9745715856552124}
{"FP": 0.971055269241333, "FPD": 0.41429606080055237, "ASH": 0.7731719017028809, "bf": 0.9780493974685669}
{"FP": 0.9676781296730042, "FPD": 0.3545455038547516, "ASH": 0.7912102341651917, "bf": 0.9774954319000244}
{"FP": 0.9736915230751038, "FPD": 0.5322240591049194, "ASH": 0.7903021574020386, "bf": 0.9766836166381836}
{"FP": 0.976722776889801, "FPD": 0.5714531540870667, "ASH": 0.8036671876907349, "bf": 0.9782737493515015}
{"FP": 0.9774565696716309, "FPD": 0.7174689173698425, "ASH": 0.7714732885360718, "bf": 0.9779558181762695}
{"FP": 0.9727599024772644, "FPD": 0.762367308139801, "ASH": 0.7953982353210449, "bf": 0.9779144525527954}
{"FP": 0.9677789211273193, "FPD": 0.6392273902893066, "ASH": 0.7966386079788208, "bf": 0.9796202182769775}
{"FP": 0.9746930599212646, "FPD": 0.588945209980011, "ASH": 0.7908449769020081, "bf": 0.9789350032806396}
{"FP": 0.9702835083007812, "FPD": 0.6951842308044434, "ASH": 0.7449250817298889, "bf": 0.9697076082229614}
{"FP": 0.9757437705993652, "FPD": 0.6208062171936035, "ASH": 0.7601476311683655, "bf": 0.9756054282188416}
{"FP": 0.9713773727416992, "FPD": 0.5980674028396606, "ASH": 0.7881079316139221, "bf": 0.979415774345398}
{"FP": 0.9752993583679199, "FPD": 0.685957670211792, "ASH": 0.7685823440551758, "bf": 0.9752739667892456}
{"FP": 0.972886860370636, "FPD": 0.6368217468261719, "ASH": 0.7798509001731873, "bf": 0.975886344909668}
{"FP": 0.9673727750778198, "FPD": 0.3739467263221741, "ASH": 0.7536622285842896, "bf": 0.9744267463684082}
{"FP": 0.9696061611175537, "FPD": 0.30119895935058594, "ASH": 0.777045726776123, "bf": 0.9750335812568665}
{"FP": 0.9783660173416138, "FPD": 0.6987484097480774, "ASH": 0.7738826274871826, "bf": 0.977060854434967}
{"FP": 0.9810534119606018, "FPD": 0.7434697151184082, "ASH": 0.7869508862495422, "bf": 0.9759119749069214}
{"FP": 0.9811863303184509, "FPD": 0.7872067093849182, "ASH": 0.757433295249939, "bf": 0.9759678840637207}
{"FP": 0.9763790965080261, "FPD": 0.6043727993965149, "ASH": 0.7785336971282959, "bf": 0.977543830871582}
{"FP": 0.9744673371315002, "FPD": 0.6433883905410767, "ASH": 0.7828572988510132, "bf": 0.9776351451873779}
{"FP": 0.9809395670890808, "FPD": 0.7433186173439026, "ASH": 0.7838494777679443, "bf": 0.9772022366523743}
{"FP": 0.9832461476325989, "FPD": 0.7986706495285034, "ASH": 0.7935051918029785, "bf": 0.9788464307785034}
{"FP": 0.9791383743286133, "FPD": 0.716262698173523, "ASH": 0.7863641977310181, "bf": 0.9785881042480469}
{"FP": 0.9756394624710083, "FPD": 0.664828896522522, "ASH": 0.7356169819831848, "bf": 0.9759361147880554}
{"FP": 0.9795830249786377, "FPD": 0.7207947373390198, "ASH": 0.7804715633392334, "bf": 0.976944088935852}
{"FP": 0.9778647422790527, "FPD": 0.6759061813354492, "ASH": 0.7991526126861572, "bf": 0.9779922366142273}
{"FP": 0.9784122109413147, "FPD": 0.736269474029541, "ASH": 0.794012188911438, "bf": 0.9742345809936523}
{"FP": 0.9724496006965637, "FPD": 0.738695502281189, "ASH": 0.7987716197967529, "bf": 0.9773465394973755}
{"FP": 0.9759054183959961, "FPD": 0.7587965130805969, "ASH": 0.7903025150299072, "bf": 0.9786028265953064}
{"FP": 0.9791444540023804, "FPD": 0.7576108574867249, "ASH": 0.7909250259399414, "bf": 0.9776542782783508}
{"FP": 0.9791750311851501, "FPD": 0.7766290903091431, "ASH": 0.786034345626831, "bf": 0.9790107607841492}
{"FP": 0.9777085781097412, "FPD": 0.7395364046096802, "ASH": 0.7901480197906494, "bf": 0.9788420796394348}
{"FP": 0.9795153737068176, "FPD": 0.7717591524124146, "ASH": 0.7909356355667114, "bf": 0.9777178168296814}
{"FP": 0.9830499291419983, "FPD": 0.7852728366851807, "ASH": 0.7889021635055542, "bf": 0.9789053201675415}
{"FP": 0.9764094948768616, "FPD": 0.63901686668396, "ASH": 0.785308837890625, "bf": 0.9744172096252441}
{"FP": 0.6815130710601807, "FPD": 0.24478553235530853, "ASH": 0.532657265663147, "bf": 0.9678560495376587}
{"FP": 0.9759528040885925, "FPD": 0.1273583322763443, "ASH": 0.5391152501106262, "bf": 0.9682224988937378}
{"FP": 0.9723074436187744, "FPD": 0.308959424495697, "ASH": 0.6992067098617554, "bf": 0.9732409715652466}
{"FP": 0.9708067178726196, "FPD": 0.40406161546707153, "ASH": 0.7613246440887451, "bf": 0.9763195514678955}
{"FP": 0.9728797078132629, "FPD": 0.5634750127792358, "ASH": 0.7806633710861206, "bf": 0.9764245748519897}
{"FP": 0.9773788452148438, "FPD": 0.6231870651245117, "ASH": 0.7860947847366333, "bf": 0.9754195213317871}
{"FP": 0.9735133051872253, "FPD": 0.6253901124000549, "ASH": 0.6870386600494385, "bf": 0.9686266183853149}
{"FP": 0.9787653088569641, "FPD": 0.7145625352859497, "ASH": 0.7747901082038879, "bf": 0.9732333421707153}
{"FP": 0.9703394174575806, "FPD": 0.2594858407974243, "ASH": 0.6552918553352356, "bf": 0.9711698293685913}
